ISO-10303-21;
HEADER;
/* Generated by software containing ST-Developer
 * from STEP Tools, Inc. (www.steptools.com) 
 */

FILE_DESCRIPTION(
/* description */ (''),
/* implementation_level */ '2;1');

FILE_NAME(
/* name */ 'C:/Cadence/Data/STEPS/DFN16, 4x1.6, 0.5P v3.step',
/* time_stamp */ '2019-07-03T09:19:29+02:00',
/* author */ (''),
/* organization */ (''),
/* preprocessor_version */ 'ST-DEVELOPER v18',
/* originating_system */ 'Autodesk Translation Framework v8.2.0.1029',
/* authorisation */ '');

FILE_SCHEMA (('AUTOMOTIVE_DESIGN { 1 0 10303 214 3 1 1 }'));
ENDSEC;

DATA;
#10=MECHANICAL_DESIGN_GEOMETRIC_PRESENTATION_REPRESENTATION('',(#31,#32,
#33,#34,#35,#36,#37,#38,#39,#40,#41,#42,#43,#44,#45,#46,#47,#48,#49,#50),
#3242);
#11=ITEM_DEFINED_TRANSFORMATION($,$,#1985,#2146);
#12=ITEM_DEFINED_TRANSFORMATION($,$,#1997,#2147);
#13=ITEM_DEFINED_TRANSFORMATION($,$,#2005,#2148);
#14=(
REPRESENTATION_RELATIONSHIP($,$,#3259,#3258)
REPRESENTATION_RELATIONSHIP_WITH_TRANSFORMATION(#11)
SHAPE_REPRESENTATION_RELATIONSHIP()
);
#15=(
REPRESENTATION_RELATIONSHIP($,$,#3260,#3258)
REPRESENTATION_RELATIONSHIP_WITH_TRANSFORMATION(#12)
SHAPE_REPRESENTATION_RELATIONSHIP()
);
#16=(
REPRESENTATION_RELATIONSHIP($,$,#3261,#3258)
REPRESENTATION_RELATIONSHIP_WITH_TRANSFORMATION(#13)
SHAPE_REPRESENTATION_RELATIONSHIP()
);
#17=CONTEXT_DEPENDENT_SHAPE_REPRESENTATION(#14,#3255);
#18=CONTEXT_DEPENDENT_SHAPE_REPRESENTATION(#15,#3256);
#19=CONTEXT_DEPENDENT_SHAPE_REPRESENTATION(#16,#3257);
#20=NEXT_ASSEMBLY_USAGE_OCCURRENCE('Body:1','Body:1','Body:1',#3263,#3264,
'Body:1');
#21=NEXT_ASSEMBLY_USAGE_OCCURRENCE('ThermalPin:1','ThermalPin:1',
'ThermalPin:1',#3263,#3265,'ThermalPin:1');
#22=NEXT_ASSEMBLY_USAGE_OCCURRENCE('PinsArrayLR:1','PinsArrayLR:1',
'PinsArrayLR:1',#3263,#3266,'PinsArrayLR:1');
#23=SHAPE_REPRESENTATION_RELATIONSHIP('SRR','None',#3259,#27);
#24=SHAPE_REPRESENTATION_RELATIONSHIP('SRR','None',#3260,#28);
#25=SHAPE_REPRESENTATION_RELATIONSHIP('SRR','None',#3261,#29);
#26=SHAPE_REPRESENTATION_RELATIONSHIP('SRR','None',#3258,#30);
#27=ADVANCED_BREP_SHAPE_REPRESENTATION('',(#51),#3239);
#28=ADVANCED_BREP_SHAPE_REPRESENTATION('',(#52),#3240);
#29=ADVANCED_BREP_SHAPE_REPRESENTATION('',(#53,#54,#55,#56,#57,#58,#59,
#60,#61,#62,#63,#64,#65,#66,#67,#68),#3241);
#30=ADVANCED_BREP_SHAPE_REPRESENTATION('',(#69,#70),#3238);
#31=STYLED_ITEM('',(#3284),#51);
#32=STYLED_ITEM('',(#3283),#52);
#33=STYLED_ITEM('',(#3283),#53);
#34=STYLED_ITEM('',(#3283),#54);
#35=STYLED_ITEM('',(#3283),#55);
#36=STYLED_ITEM('',(#3283),#56);
#37=STYLED_ITEM('',(#3283),#57);
#38=STYLED_ITEM('',(#3283),#58);
#39=STYLED_ITEM('',(#3283),#59);
#40=STYLED_ITEM('',(#3283),#60);
#41=STYLED_ITEM('',(#3283),#61);
#42=STYLED_ITEM('',(#3283),#62);
#43=STYLED_ITEM('',(#3283),#63);
#44=STYLED_ITEM('',(#3283),#64);
#45=STYLED_ITEM('',(#3283),#65);
#46=STYLED_ITEM('',(#3283),#66);
#47=STYLED_ITEM('',(#3283),#67);
#48=STYLED_ITEM('',(#3283),#68);
#49=STYLED_ITEM('',(#3283),#69);
#50=STYLED_ITEM('',(#3283),#70);
#51=MANIFOLD_SOLID_BREP('Body1',#1930);
#52=MANIFOLD_SOLID_BREP('Body1',#1931);
#53=MANIFOLD_SOLID_BREP('Body1',#1932);
#54=MANIFOLD_SOLID_BREP('Body2',#1933);
#55=MANIFOLD_SOLID_BREP('Body3',#1934);
#56=MANIFOLD_SOLID_BREP('Body4',#1935);
#57=MANIFOLD_SOLID_BREP('Body5',#1936);
#58=MANIFOLD_SOLID_BREP('Body6',#1937);
#59=MANIFOLD_SOLID_BREP('Body7',#1938);
#60=MANIFOLD_SOLID_BREP('Body8',#1939);
#61=MANIFOLD_SOLID_BREP('Body9',#1940);
#62=MANIFOLD_SOLID_BREP('Body10',#1941);
#63=MANIFOLD_SOLID_BREP('Body11',#1942);
#64=MANIFOLD_SOLID_BREP('Body12',#1943);
#65=MANIFOLD_SOLID_BREP('Body13',#1944);
#66=MANIFOLD_SOLID_BREP('Body14',#1945);
#67=MANIFOLD_SOLID_BREP('Body15',#1946);
#68=MANIFOLD_SOLID_BREP('Body16',#1947);
#69=MANIFOLD_SOLID_BREP('Body1',#1948);
#70=MANIFOLD_SOLID_BREP('Body2',#1949);
#71=CYLINDRICAL_SURFACE('',#1993,0.084375);
#72=CYLINDRICAL_SURFACE('',#2007,0.1);
#73=CYLINDRICAL_SURFACE('',#2015,0.1);
#74=CYLINDRICAL_SURFACE('',#2023,0.1);
#75=CYLINDRICAL_SURFACE('',#2031,0.1);
#76=CYLINDRICAL_SURFACE('',#2039,0.1);
#77=CYLINDRICAL_SURFACE('',#2047,0.1);
#78=CYLINDRICAL_SURFACE('',#2055,0.1);
#79=CYLINDRICAL_SURFACE('',#2063,0.1);
#80=CYLINDRICAL_SURFACE('',#2071,0.1);
#81=CYLINDRICAL_SURFACE('',#2079,0.1);
#82=CYLINDRICAL_SURFACE('',#2087,0.1);
#83=CYLINDRICAL_SURFACE('',#2095,0.1);
#84=CYLINDRICAL_SURFACE('',#2103,0.1);
#85=CYLINDRICAL_SURFACE('',#2111,0.1);
#86=CYLINDRICAL_SURFACE('',#2119,0.1);
#87=CYLINDRICAL_SURFACE('',#2127,0.1);
#88=FACE_BOUND('',#250,.T.);
#89=CIRCLE('',#1989,0.084375);
#90=CIRCLE('',#1994,0.084375);
#91=CIRCLE('',#1995,0.084375);
#92=CIRCLE('',#2008,0.1);
#93=CIRCLE('',#2009,0.1);
#94=CIRCLE('',#2016,0.1);
#95=CIRCLE('',#2017,0.1);
#96=CIRCLE('',#2024,0.1);
#97=CIRCLE('',#2025,0.1);
#98=CIRCLE('',#2032,0.1);
#99=CIRCLE('',#2033,0.1);
#100=CIRCLE('',#2040,0.1);
#101=CIRCLE('',#2041,0.1);
#102=CIRCLE('',#2048,0.1);
#103=CIRCLE('',#2049,0.1);
#104=CIRCLE('',#2056,0.1);
#105=CIRCLE('',#2057,0.1);
#106=CIRCLE('',#2064,0.1);
#107=CIRCLE('',#2065,0.1);
#108=CIRCLE('',#2072,0.1);
#109=CIRCLE('',#2073,0.1);
#110=CIRCLE('',#2080,0.1);
#111=CIRCLE('',#2081,0.1);
#112=CIRCLE('',#2088,0.1);
#113=CIRCLE('',#2089,0.1);
#114=CIRCLE('',#2096,0.1);
#115=CIRCLE('',#2097,0.1);
#116=CIRCLE('',#2104,0.1);
#117=CIRCLE('',#2105,0.1);
#118=CIRCLE('',#2112,0.1);
#119=CIRCLE('',#2113,0.1);
#120=CIRCLE('',#2120,0.1);
#121=CIRCLE('',#2121,0.1);
#122=CIRCLE('',#2128,0.1);
#123=CIRCLE('',#2129,0.1);
#124=FACE_OUTER_BOUND('',#247,.T.);
#125=FACE_OUTER_BOUND('',#248,.T.);
#126=FACE_OUTER_BOUND('',#249,.T.);
#127=FACE_OUTER_BOUND('',#251,.T.);
#128=FACE_OUTER_BOUND('',#252,.T.);
#129=FACE_OUTER_BOUND('',#253,.T.);
#130=FACE_OUTER_BOUND('',#254,.T.);
#131=FACE_OUTER_BOUND('',#255,.T.);
#132=FACE_OUTER_BOUND('',#256,.T.);
#133=FACE_OUTER_BOUND('',#257,.T.);
#134=FACE_OUTER_BOUND('',#258,.T.);
#135=FACE_OUTER_BOUND('',#259,.T.);
#136=FACE_OUTER_BOUND('',#260,.T.);
#137=FACE_OUTER_BOUND('',#261,.T.);
#138=FACE_OUTER_BOUND('',#262,.T.);
#139=FACE_OUTER_BOUND('',#263,.T.);
#140=FACE_OUTER_BOUND('',#264,.T.);
#141=FACE_OUTER_BOUND('',#265,.T.);
#142=FACE_OUTER_BOUND('',#266,.T.);
#143=FACE_OUTER_BOUND('',#267,.T.);
#144=FACE_OUTER_BOUND('',#268,.T.);
#145=FACE_OUTER_BOUND('',#269,.T.);
#146=FACE_OUTER_BOUND('',#270,.T.);
#147=FACE_OUTER_BOUND('',#271,.T.);
#148=FACE_OUTER_BOUND('',#272,.T.);
#149=FACE_OUTER_BOUND('',#273,.T.);
#150=FACE_OUTER_BOUND('',#274,.T.);
#151=FACE_OUTER_BOUND('',#275,.T.);
#152=FACE_OUTER_BOUND('',#276,.T.);
#153=FACE_OUTER_BOUND('',#277,.T.);
#154=FACE_OUTER_BOUND('',#278,.T.);
#155=FACE_OUTER_BOUND('',#279,.T.);
#156=FACE_OUTER_BOUND('',#280,.T.);
#157=FACE_OUTER_BOUND('',#281,.T.);
#158=FACE_OUTER_BOUND('',#282,.T.);
#159=FACE_OUTER_BOUND('',#283,.T.);
#160=FACE_OUTER_BOUND('',#284,.T.);
#161=FACE_OUTER_BOUND('',#285,.T.);
#162=FACE_OUTER_BOUND('',#286,.T.);
#163=FACE_OUTER_BOUND('',#287,.T.);
#164=FACE_OUTER_BOUND('',#288,.T.);
#165=FACE_OUTER_BOUND('',#289,.T.);
#166=FACE_OUTER_BOUND('',#290,.T.);
#167=FACE_OUTER_BOUND('',#291,.T.);
#168=FACE_OUTER_BOUND('',#292,.T.);
#169=FACE_OUTER_BOUND('',#293,.T.);
#170=FACE_OUTER_BOUND('',#294,.T.);
#171=FACE_OUTER_BOUND('',#295,.T.);
#172=FACE_OUTER_BOUND('',#296,.T.);
#173=FACE_OUTER_BOUND('',#297,.T.);
#174=FACE_OUTER_BOUND('',#298,.T.);
#175=FACE_OUTER_BOUND('',#299,.T.);
#176=FACE_OUTER_BOUND('',#300,.T.);
#177=FACE_OUTER_BOUND('',#301,.T.);
#178=FACE_OUTER_BOUND('',#302,.T.);
#179=FACE_OUTER_BOUND('',#303,.T.);
#180=FACE_OUTER_BOUND('',#304,.T.);
#181=FACE_OUTER_BOUND('',#305,.T.);
#182=FACE_OUTER_BOUND('',#306,.T.);
#183=FACE_OUTER_BOUND('',#307,.T.);
#184=FACE_OUTER_BOUND('',#308,.T.);
#185=FACE_OUTER_BOUND('',#309,.T.);
#186=FACE_OUTER_BOUND('',#310,.T.);
#187=FACE_OUTER_BOUND('',#311,.T.);
#188=FACE_OUTER_BOUND('',#312,.T.);
#189=FACE_OUTER_BOUND('',#313,.T.);
#190=FACE_OUTER_BOUND('',#314,.T.);
#191=FACE_OUTER_BOUND('',#315,.T.);
#192=FACE_OUTER_BOUND('',#316,.T.);
#193=FACE_OUTER_BOUND('',#317,.T.);
#194=FACE_OUTER_BOUND('',#318,.T.);
#195=FACE_OUTER_BOUND('',#319,.T.);
#196=FACE_OUTER_BOUND('',#320,.T.);
#197=FACE_OUTER_BOUND('',#321,.T.);
#198=FACE_OUTER_BOUND('',#322,.T.);
#199=FACE_OUTER_BOUND('',#323,.T.);
#200=FACE_OUTER_BOUND('',#324,.T.);
#201=FACE_OUTER_BOUND('',#325,.T.);
#202=FACE_OUTER_BOUND('',#326,.T.);
#203=FACE_OUTER_BOUND('',#327,.T.);
#204=FACE_OUTER_BOUND('',#328,.T.);
#205=FACE_OUTER_BOUND('',#329,.T.);
#206=FACE_OUTER_BOUND('',#330,.T.);
#207=FACE_OUTER_BOUND('',#331,.T.);
#208=FACE_OUTER_BOUND('',#332,.T.);
#209=FACE_OUTER_BOUND('',#333,.T.);
#210=FACE_OUTER_BOUND('',#334,.T.);
#211=FACE_OUTER_BOUND('',#335,.T.);
#212=FACE_OUTER_BOUND('',#336,.T.);
#213=FACE_OUTER_BOUND('',#337,.T.);
#214=FACE_OUTER_BOUND('',#338,.T.);
#215=FACE_OUTER_BOUND('',#339,.T.);
#216=FACE_OUTER_BOUND('',#340,.T.);
#217=FACE_OUTER_BOUND('',#341,.T.);
#218=FACE_OUTER_BOUND('',#342,.T.);
#219=FACE_OUTER_BOUND('',#343,.T.);
#220=FACE_OUTER_BOUND('',#344,.T.);
#221=FACE_OUTER_BOUND('',#345,.T.);
#222=FACE_OUTER_BOUND('',#346,.T.);
#223=FACE_OUTER_BOUND('',#347,.T.);
#224=FACE_OUTER_BOUND('',#348,.T.);
#225=FACE_OUTER_BOUND('',#349,.T.);
#226=FACE_OUTER_BOUND('',#350,.T.);
#227=FACE_OUTER_BOUND('',#351,.T.);
#228=FACE_OUTER_BOUND('',#352,.T.);
#229=FACE_OUTER_BOUND('',#353,.T.);
#230=FACE_OUTER_BOUND('',#354,.T.);
#231=FACE_OUTER_BOUND('',#355,.T.);
#232=FACE_OUTER_BOUND('',#356,.T.);
#233=FACE_OUTER_BOUND('',#357,.T.);
#234=FACE_OUTER_BOUND('',#358,.T.);
#235=FACE_OUTER_BOUND('',#359,.T.);
#236=FACE_OUTER_BOUND('',#360,.T.);
#237=FACE_OUTER_BOUND('',#361,.T.);
#238=FACE_OUTER_BOUND('',#362,.T.);
#239=FACE_OUTER_BOUND('',#363,.T.);
#240=FACE_OUTER_BOUND('',#364,.T.);
#241=FACE_OUTER_BOUND('',#365,.T.);
#242=FACE_OUTER_BOUND('',#366,.T.);
#243=FACE_OUTER_BOUND('',#367,.T.);
#244=FACE_OUTER_BOUND('',#368,.T.);
#245=FACE_OUTER_BOUND('',#369,.T.);
#246=FACE_OUTER_BOUND('',#370,.T.);
#247=EDGE_LOOP('',(#1207,#1208,#1209,#1210));
#248=EDGE_LOOP('',(#1211,#1212,#1213,#1214));
#249=EDGE_LOOP('',(#1215,#1216,#1217,#1218));
#250=EDGE_LOOP('',(#1219));
#251=EDGE_LOOP('',(#1220,#1221,#1222,#1223));
#252=EDGE_LOOP('',(#1224,#1225,#1226,#1227));
#253=EDGE_LOOP('',(#1228,#1229,#1230,#1231));
#254=EDGE_LOOP('',(#1232,#1233,#1234,#1235,#1236));
#255=EDGE_LOOP('',(#1237,#1238));
#256=EDGE_LOOP('',(#1239,#1240,#1241,#1242));
#257=EDGE_LOOP('',(#1243,#1244,#1245,#1246,#1247));
#258=EDGE_LOOP('',(#1248,#1249,#1250,#1251));
#259=EDGE_LOOP('',(#1252,#1253,#1254,#1255));
#260=EDGE_LOOP('',(#1256,#1257,#1258,#1259));
#261=EDGE_LOOP('',(#1260,#1261,#1262,#1263));
#262=EDGE_LOOP('',(#1264,#1265,#1266,#1267,#1268));
#263=EDGE_LOOP('',(#1269,#1270,#1271,#1272));
#264=EDGE_LOOP('',(#1273,#1274,#1275,#1276));
#265=EDGE_LOOP('',(#1277,#1278,#1279,#1280));
#266=EDGE_LOOP('',(#1281,#1282,#1283,#1284));
#267=EDGE_LOOP('',(#1285,#1286,#1287,#1288));
#268=EDGE_LOOP('',(#1289,#1290,#1291,#1292));
#269=EDGE_LOOP('',(#1293,#1294,#1295,#1296));
#270=EDGE_LOOP('',(#1297,#1298,#1299,#1300));
#271=EDGE_LOOP('',(#1301,#1302,#1303,#1304));
#272=EDGE_LOOP('',(#1305,#1306,#1307,#1308));
#273=EDGE_LOOP('',(#1309,#1310,#1311,#1312));
#274=EDGE_LOOP('',(#1313,#1314,#1315,#1316));
#275=EDGE_LOOP('',(#1317,#1318,#1319,#1320));
#276=EDGE_LOOP('',(#1321,#1322,#1323,#1324));
#277=EDGE_LOOP('',(#1325,#1326,#1327,#1328));
#278=EDGE_LOOP('',(#1329,#1330,#1331,#1332));
#279=EDGE_LOOP('',(#1333,#1334,#1335,#1336));
#280=EDGE_LOOP('',(#1337,#1338,#1339,#1340));
#281=EDGE_LOOP('',(#1341,#1342,#1343,#1344));
#282=EDGE_LOOP('',(#1345,#1346,#1347,#1348));
#283=EDGE_LOOP('',(#1349,#1350,#1351,#1352));
#284=EDGE_LOOP('',(#1353,#1354,#1355,#1356));
#285=EDGE_LOOP('',(#1357,#1358,#1359,#1360));
#286=EDGE_LOOP('',(#1361,#1362,#1363,#1364));
#287=EDGE_LOOP('',(#1365,#1366,#1367,#1368));
#288=EDGE_LOOP('',(#1369,#1370,#1371,#1372));
#289=EDGE_LOOP('',(#1373,#1374,#1375,#1376));
#290=EDGE_LOOP('',(#1377,#1378,#1379,#1380));
#291=EDGE_LOOP('',(#1381,#1382,#1383,#1384));
#292=EDGE_LOOP('',(#1385,#1386,#1387,#1388));
#293=EDGE_LOOP('',(#1389,#1390,#1391,#1392));
#294=EDGE_LOOP('',(#1393,#1394,#1395,#1396));
#295=EDGE_LOOP('',(#1397,#1398,#1399,#1400));
#296=EDGE_LOOP('',(#1401,#1402,#1403,#1404));
#297=EDGE_LOOP('',(#1405,#1406,#1407,#1408));
#298=EDGE_LOOP('',(#1409,#1410,#1411,#1412));
#299=EDGE_LOOP('',(#1413,#1414,#1415,#1416));
#300=EDGE_LOOP('',(#1417,#1418,#1419,#1420));
#301=EDGE_LOOP('',(#1421,#1422,#1423,#1424));
#302=EDGE_LOOP('',(#1425,#1426,#1427,#1428));
#303=EDGE_LOOP('',(#1429,#1430,#1431,#1432));
#304=EDGE_LOOP('',(#1433,#1434,#1435,#1436));
#305=EDGE_LOOP('',(#1437,#1438,#1439,#1440));
#306=EDGE_LOOP('',(#1441,#1442,#1443,#1444));
#307=EDGE_LOOP('',(#1445,#1446,#1447,#1448));
#308=EDGE_LOOP('',(#1449,#1450,#1451,#1452));
#309=EDGE_LOOP('',(#1453,#1454,#1455,#1456));
#310=EDGE_LOOP('',(#1457,#1458,#1459,#1460));
#311=EDGE_LOOP('',(#1461,#1462,#1463,#1464));
#312=EDGE_LOOP('',(#1465,#1466,#1467,#1468));
#313=EDGE_LOOP('',(#1469,#1470,#1471,#1472));
#314=EDGE_LOOP('',(#1473,#1474,#1475,#1476));
#315=EDGE_LOOP('',(#1477,#1478,#1479,#1480));
#316=EDGE_LOOP('',(#1481,#1482,#1483,#1484));
#317=EDGE_LOOP('',(#1485,#1486,#1487,#1488));
#318=EDGE_LOOP('',(#1489,#1490,#1491,#1492));
#319=EDGE_LOOP('',(#1493,#1494,#1495,#1496));
#320=EDGE_LOOP('',(#1497,#1498,#1499,#1500));
#321=EDGE_LOOP('',(#1501,#1502,#1503,#1504));
#322=EDGE_LOOP('',(#1505,#1506,#1507,#1508));
#323=EDGE_LOOP('',(#1509,#1510,#1511,#1512));
#324=EDGE_LOOP('',(#1513,#1514,#1515,#1516));
#325=EDGE_LOOP('',(#1517,#1518,#1519,#1520));
#326=EDGE_LOOP('',(#1521,#1522,#1523,#1524));
#327=EDGE_LOOP('',(#1525,#1526,#1527,#1528));
#328=EDGE_LOOP('',(#1529,#1530,#1531,#1532));
#329=EDGE_LOOP('',(#1533,#1534,#1535,#1536));
#330=EDGE_LOOP('',(#1537,#1538,#1539,#1540));
#331=EDGE_LOOP('',(#1541,#1542,#1543,#1544));
#332=EDGE_LOOP('',(#1545,#1546,#1547,#1548));
#333=EDGE_LOOP('',(#1549,#1550,#1551,#1552));
#334=EDGE_LOOP('',(#1553,#1554,#1555,#1556));
#335=EDGE_LOOP('',(#1557,#1558,#1559,#1560));
#336=EDGE_LOOP('',(#1561,#1562,#1563,#1564));
#337=EDGE_LOOP('',(#1565,#1566,#1567,#1568));
#338=EDGE_LOOP('',(#1569,#1570,#1571,#1572));
#339=EDGE_LOOP('',(#1573,#1574,#1575,#1576));
#340=EDGE_LOOP('',(#1577,#1578,#1579,#1580));
#341=EDGE_LOOP('',(#1581,#1582,#1583,#1584));
#342=EDGE_LOOP('',(#1585,#1586,#1587,#1588));
#343=EDGE_LOOP('',(#1589,#1590,#1591,#1592));
#344=EDGE_LOOP('',(#1593,#1594,#1595,#1596));
#345=EDGE_LOOP('',(#1597,#1598,#1599,#1600));
#346=EDGE_LOOP('',(#1601,#1602,#1603,#1604));
#347=EDGE_LOOP('',(#1605,#1606,#1607,#1608));
#348=EDGE_LOOP('',(#1609,#1610,#1611,#1612));
#349=EDGE_LOOP('',(#1613,#1614,#1615,#1616));
#350=EDGE_LOOP('',(#1617,#1618,#1619,#1620));
#351=EDGE_LOOP('',(#1621,#1622,#1623,#1624));
#352=EDGE_LOOP('',(#1625,#1626,#1627,#1628));
#353=EDGE_LOOP('',(#1629,#1630,#1631,#1632));
#354=EDGE_LOOP('',(#1633,#1634,#1635,#1636));
#355=EDGE_LOOP('',(#1637,#1638,#1639,#1640));
#356=EDGE_LOOP('',(#1641,#1642,#1643,#1644));
#357=EDGE_LOOP('',(#1645,#1646,#1647,#1648));
#358=EDGE_LOOP('',(#1649,#1650,#1651,#1652));
#359=EDGE_LOOP('',(#1653,#1654,#1655,#1656));
#360=EDGE_LOOP('',(#1657,#1658,#1659,#1660));
#361=EDGE_LOOP('',(#1661,#1662,#1663,#1664));
#362=EDGE_LOOP('',(#1665,#1666,#1667,#1668));
#363=EDGE_LOOP('',(#1669,#1670,#1671,#1672));
#364=EDGE_LOOP('',(#1673,#1674,#1675,#1676));
#365=EDGE_LOOP('',(#1677,#1678,#1679,#1680));
#366=EDGE_LOOP('',(#1681,#1682,#1683,#1684));
#367=EDGE_LOOP('',(#1685,#1686,#1687,#1688));
#368=EDGE_LOOP('',(#1689,#1690,#1691,#1692));
#369=EDGE_LOOP('',(#1693,#1694,#1695,#1696));
#370=EDGE_LOOP('',(#1697,#1698,#1699,#1700));
#371=LINE('',#2696,#583);
#372=LINE('',#2698,#584);
#373=LINE('',#2700,#585);
#374=LINE('',#2701,#586);
#375=LINE('',#2704,#587);
#376=LINE('',#2706,#588);
#377=LINE('',#2707,#589);
#378=LINE('',#2710,#590);
#379=LINE('',#2711,#591);
#380=LINE('',#2716,#592);
#381=LINE('',#2717,#593);
#382=LINE('',#2719,#594);
#383=LINE('',#2726,#595);
#384=LINE('',#2732,#596);
#385=LINE('',#2734,#597);
#386=LINE('',#2736,#598);
#387=LINE('',#2737,#599);
#388=LINE('',#2740,#600);
#389=LINE('',#2742,#601);
#390=LINE('',#2744,#602);
#391=LINE('',#2745,#603);
#392=LINE('',#2748,#604);
#393=LINE('',#2749,#605);
#394=LINE('',#2752,#606);
#395=LINE('',#2753,#607);
#396=LINE('',#2756,#608);
#397=LINE('',#2757,#609);
#398=LINE('',#2759,#610);
#399=LINE('',#2765,#611);
#400=LINE('',#2767,#612);
#401=LINE('',#2769,#613);
#402=LINE('',#2770,#614);
#403=LINE('',#2775,#615);
#404=LINE('',#2780,#616);
#405=LINE('',#2781,#617);
#406=LINE('',#2782,#618);
#407=LINE('',#2784,#619);
#408=LINE('',#2785,#620);
#409=LINE('',#2791,#621);
#410=LINE('',#2793,#622);
#411=LINE('',#2795,#623);
#412=LINE('',#2796,#624);
#413=LINE('',#2800,#625);
#414=LINE('',#2806,#626);
#415=LINE('',#2807,#627);
#416=LINE('',#2808,#628);
#417=LINE('',#2810,#629);
#418=LINE('',#2811,#630);
#419=LINE('',#2817,#631);
#420=LINE('',#2819,#632);
#421=LINE('',#2821,#633);
#422=LINE('',#2822,#634);
#423=LINE('',#2827,#635);
#424=LINE('',#2832,#636);
#425=LINE('',#2833,#637);
#426=LINE('',#2834,#638);
#427=LINE('',#2836,#639);
#428=LINE('',#2837,#640);
#429=LINE('',#2843,#641);
#430=LINE('',#2845,#642);
#431=LINE('',#2847,#643);
#432=LINE('',#2848,#644);
#433=LINE('',#2852,#645);
#434=LINE('',#2858,#646);
#435=LINE('',#2859,#647);
#436=LINE('',#2860,#648);
#437=LINE('',#2862,#649);
#438=LINE('',#2863,#650);
#439=LINE('',#2869,#651);
#440=LINE('',#2871,#652);
#441=LINE('',#2873,#653);
#442=LINE('',#2874,#654);
#443=LINE('',#2879,#655);
#444=LINE('',#2884,#656);
#445=LINE('',#2885,#657);
#446=LINE('',#2886,#658);
#447=LINE('',#2888,#659);
#448=LINE('',#2889,#660);
#449=LINE('',#2895,#661);
#450=LINE('',#2897,#662);
#451=LINE('',#2899,#663);
#452=LINE('',#2900,#664);
#453=LINE('',#2904,#665);
#454=LINE('',#2910,#666);
#455=LINE('',#2911,#667);
#456=LINE('',#2912,#668);
#457=LINE('',#2914,#669);
#458=LINE('',#2915,#670);
#459=LINE('',#2921,#671);
#460=LINE('',#2923,#672);
#461=LINE('',#2925,#673);
#462=LINE('',#2926,#674);
#463=LINE('',#2931,#675);
#464=LINE('',#2936,#676);
#465=LINE('',#2937,#677);
#466=LINE('',#2938,#678);
#467=LINE('',#2940,#679);
#468=LINE('',#2941,#680);
#469=LINE('',#2947,#681);
#470=LINE('',#2949,#682);
#471=LINE('',#2951,#683);
#472=LINE('',#2952,#684);
#473=LINE('',#2956,#685);
#474=LINE('',#2962,#686);
#475=LINE('',#2963,#687);
#476=LINE('',#2964,#688);
#477=LINE('',#2966,#689);
#478=LINE('',#2967,#690);
#479=LINE('',#2973,#691);
#480=LINE('',#2975,#692);
#481=LINE('',#2977,#693);
#482=LINE('',#2978,#694);
#483=LINE('',#2983,#695);
#484=LINE('',#2988,#696);
#485=LINE('',#2989,#697);
#486=LINE('',#2990,#698);
#487=LINE('',#2992,#699);
#488=LINE('',#2993,#700);
#489=LINE('',#2999,#701);
#490=LINE('',#3001,#702);
#491=LINE('',#3003,#703);
#492=LINE('',#3004,#704);
#493=LINE('',#3008,#705);
#494=LINE('',#3014,#706);
#495=LINE('',#3015,#707);
#496=LINE('',#3016,#708);
#497=LINE('',#3018,#709);
#498=LINE('',#3019,#710);
#499=LINE('',#3025,#711);
#500=LINE('',#3027,#712);
#501=LINE('',#3029,#713);
#502=LINE('',#3030,#714);
#503=LINE('',#3035,#715);
#504=LINE('',#3040,#716);
#505=LINE('',#3041,#717);
#506=LINE('',#3042,#718);
#507=LINE('',#3044,#719);
#508=LINE('',#3045,#720);
#509=LINE('',#3051,#721);
#510=LINE('',#3053,#722);
#511=LINE('',#3055,#723);
#512=LINE('',#3056,#724);
#513=LINE('',#3060,#725);
#514=LINE('',#3066,#726);
#515=LINE('',#3067,#727);
#516=LINE('',#3068,#728);
#517=LINE('',#3070,#729);
#518=LINE('',#3071,#730);
#519=LINE('',#3077,#731);
#520=LINE('',#3079,#732);
#521=LINE('',#3081,#733);
#522=LINE('',#3082,#734);
#523=LINE('',#3087,#735);
#524=LINE('',#3092,#736);
#525=LINE('',#3093,#737);
#526=LINE('',#3094,#738);
#527=LINE('',#3096,#739);
#528=LINE('',#3097,#740);
#529=LINE('',#3103,#741);
#530=LINE('',#3105,#742);
#531=LINE('',#3107,#743);
#532=LINE('',#3108,#744);
#533=LINE('',#3112,#745);
#534=LINE('',#3118,#746);
#535=LINE('',#3119,#747);
#536=LINE('',#3120,#748);
#537=LINE('',#3122,#749);
#538=LINE('',#3123,#750);
#539=LINE('',#3129,#751);
#540=LINE('',#3131,#752);
#541=LINE('',#3133,#753);
#542=LINE('',#3134,#754);
#543=LINE('',#3139,#755);
#544=LINE('',#3144,#756);
#545=LINE('',#3145,#757);
#546=LINE('',#3146,#758);
#547=LINE('',#3148,#759);
#548=LINE('',#3149,#760);
#549=LINE('',#3155,#761);
#550=LINE('',#3157,#762);
#551=LINE('',#3159,#763);
#552=LINE('',#3160,#764);
#553=LINE('',#3164,#765);
#554=LINE('',#3170,#766);
#555=LINE('',#3171,#767);
#556=LINE('',#3172,#768);
#557=LINE('',#3174,#769);
#558=LINE('',#3175,#770);
#559=LINE('',#3181,#771);
#560=LINE('',#3183,#772);
#561=LINE('',#3185,#773);
#562=LINE('',#3186,#774);
#563=LINE('',#3190,#775);
#564=LINE('',#3192,#776);
#565=LINE('',#3194,#777);
#566=LINE('',#3195,#778);
#567=LINE('',#3197,#779);
#568=LINE('',#3198,#780);
#569=LINE('',#3200,#781);
#570=LINE('',#3201,#782);
#571=LINE('',#3207,#783);
#572=LINE('',#3209,#784);
#573=LINE('',#3211,#785);
#574=LINE('',#3212,#786);
#575=LINE('',#3216,#787);
#576=LINE('',#3218,#788);
#577=LINE('',#3220,#789);
#578=LINE('',#3221,#790);
#579=LINE('',#3223,#791);
#580=LINE('',#3224,#792);
#581=LINE('',#3226,#793);
#582=LINE('',#3227,#794);
#583=VECTOR('',#2155,10.);
#584=VECTOR('',#2156,10.);
#585=VECTOR('',#2157,10.);
#586=VECTOR('',#2158,10.);
#587=VECTOR('',#2161,10.);
#588=VECTOR('',#2162,10.);
#589=VECTOR('',#2163,10.);
#590=VECTOR('',#2166,10.);
#591=VECTOR('',#2167,10.);
#592=VECTOR('',#2172,10.);
#593=VECTOR('',#2173,10.);
#594=VECTOR('',#2176,10.);
#595=VECTOR('',#2185,0.084375);
#596=VECTOR('',#2192,10.);
#597=VECTOR('',#2193,10.);
#598=VECTOR('',#2194,10.);
#599=VECTOR('',#2195,10.);
#600=VECTOR('',#2198,10.);
#601=VECTOR('',#2199,1.);
#602=VECTOR('',#2200,10.);
#603=VECTOR('',#2201,1.);
#604=VECTOR('',#2204,10.);
#605=VECTOR('',#2205,10.);
#606=VECTOR('',#2208,10.);
#607=VECTOR('',#2209,1.);
#608=VECTOR('',#2212,10.);
#609=VECTOR('',#2213,1.);
#610=VECTOR('',#2216,10.);
#611=VECTOR('',#2223,1.);
#612=VECTOR('',#2224,1.);
#613=VECTOR('',#2225,1.);
#614=VECTOR('',#2226,1.);
#615=VECTOR('',#2231,1.);
#616=VECTOR('',#2236,1.);
#617=VECTOR('',#2237,1.);
#618=VECTOR('',#2238,1.);
#619=VECTOR('',#2241,1.);
#620=VECTOR('',#2242,1.);
#621=VECTOR('',#2249,1.);
#622=VECTOR('',#2250,1.);
#623=VECTOR('',#2251,1.);
#624=VECTOR('',#2252,1.);
#625=VECTOR('',#2255,1.);
#626=VECTOR('',#2262,1.);
#627=VECTOR('',#2263,1.);
#628=VECTOR('',#2264,1.);
#629=VECTOR('',#2267,1.);
#630=VECTOR('',#2268,1.);
#631=VECTOR('',#2275,1.);
#632=VECTOR('',#2276,1.);
#633=VECTOR('',#2277,1.);
#634=VECTOR('',#2278,1.);
#635=VECTOR('',#2283,1.);
#636=VECTOR('',#2288,1.);
#637=VECTOR('',#2289,1.);
#638=VECTOR('',#2290,1.);
#639=VECTOR('',#2293,1.);
#640=VECTOR('',#2294,1.);
#641=VECTOR('',#2301,1.);
#642=VECTOR('',#2302,1.);
#643=VECTOR('',#2303,1.);
#644=VECTOR('',#2304,1.);
#645=VECTOR('',#2307,1.);
#646=VECTOR('',#2314,1.);
#647=VECTOR('',#2315,1.);
#648=VECTOR('',#2316,1.);
#649=VECTOR('',#2319,1.);
#650=VECTOR('',#2320,1.);
#651=VECTOR('',#2327,1.);
#652=VECTOR('',#2328,1.);
#653=VECTOR('',#2329,1.);
#654=VECTOR('',#2330,1.);
#655=VECTOR('',#2335,1.);
#656=VECTOR('',#2340,1.);
#657=VECTOR('',#2341,1.);
#658=VECTOR('',#2342,1.);
#659=VECTOR('',#2345,1.);
#660=VECTOR('',#2346,1.);
#661=VECTOR('',#2353,1.);
#662=VECTOR('',#2354,1.);
#663=VECTOR('',#2355,1.);
#664=VECTOR('',#2356,1.);
#665=VECTOR('',#2359,1.);
#666=VECTOR('',#2366,1.);
#667=VECTOR('',#2367,1.);
#668=VECTOR('',#2368,1.);
#669=VECTOR('',#2371,1.);
#670=VECTOR('',#2372,1.);
#671=VECTOR('',#2379,1.);
#672=VECTOR('',#2380,1.);
#673=VECTOR('',#2381,1.);
#674=VECTOR('',#2382,1.);
#675=VECTOR('',#2387,1.);
#676=VECTOR('',#2392,1.);
#677=VECTOR('',#2393,1.);
#678=VECTOR('',#2394,1.);
#679=VECTOR('',#2397,1.);
#680=VECTOR('',#2398,1.);
#681=VECTOR('',#2405,1.);
#682=VECTOR('',#2406,1.);
#683=VECTOR('',#2407,1.);
#684=VECTOR('',#2408,1.);
#685=VECTOR('',#2411,1.);
#686=VECTOR('',#2418,1.);
#687=VECTOR('',#2419,1.);
#688=VECTOR('',#2420,1.);
#689=VECTOR('',#2423,1.);
#690=VECTOR('',#2424,1.);
#691=VECTOR('',#2431,1.);
#692=VECTOR('',#2432,1.);
#693=VECTOR('',#2433,1.);
#694=VECTOR('',#2434,1.);
#695=VECTOR('',#2439,1.);
#696=VECTOR('',#2444,1.);
#697=VECTOR('',#2445,1.);
#698=VECTOR('',#2446,1.);
#699=VECTOR('',#2449,1.);
#700=VECTOR('',#2450,1.);
#701=VECTOR('',#2457,1.);
#702=VECTOR('',#2458,1.);
#703=VECTOR('',#2459,1.);
#704=VECTOR('',#2460,1.);
#705=VECTOR('',#2463,1.);
#706=VECTOR('',#2470,1.);
#707=VECTOR('',#2471,1.);
#708=VECTOR('',#2472,1.);
#709=VECTOR('',#2475,1.);
#710=VECTOR('',#2476,1.);
#711=VECTOR('',#2483,1.);
#712=VECTOR('',#2484,1.);
#713=VECTOR('',#2485,1.);
#714=VECTOR('',#2486,1.);
#715=VECTOR('',#2491,1.);
#716=VECTOR('',#2496,1.);
#717=VECTOR('',#2497,1.);
#718=VECTOR('',#2498,1.);
#719=VECTOR('',#2501,1.);
#720=VECTOR('',#2502,1.);
#721=VECTOR('',#2509,1.);
#722=VECTOR('',#2510,1.);
#723=VECTOR('',#2511,1.);
#724=VECTOR('',#2512,1.);
#725=VECTOR('',#2515,1.);
#726=VECTOR('',#2522,1.);
#727=VECTOR('',#2523,1.);
#728=VECTOR('',#2524,1.);
#729=VECTOR('',#2527,1.);
#730=VECTOR('',#2528,1.);
#731=VECTOR('',#2535,1.);
#732=VECTOR('',#2536,1.);
#733=VECTOR('',#2537,1.);
#734=VECTOR('',#2538,1.);
#735=VECTOR('',#2543,1.);
#736=VECTOR('',#2548,1.);
#737=VECTOR('',#2549,1.);
#738=VECTOR('',#2550,1.);
#739=VECTOR('',#2553,1.);
#740=VECTOR('',#2554,1.);
#741=VECTOR('',#2561,1.);
#742=VECTOR('',#2562,1.);
#743=VECTOR('',#2563,1.);
#744=VECTOR('',#2564,1.);
#745=VECTOR('',#2567,1.);
#746=VECTOR('',#2574,1.);
#747=VECTOR('',#2575,1.);
#748=VECTOR('',#2576,1.);
#749=VECTOR('',#2579,1.);
#750=VECTOR('',#2580,1.);
#751=VECTOR('',#2587,1.);
#752=VECTOR('',#2588,1.);
#753=VECTOR('',#2589,1.);
#754=VECTOR('',#2590,1.);
#755=VECTOR('',#2595,1.);
#756=VECTOR('',#2600,1.);
#757=VECTOR('',#2601,1.);
#758=VECTOR('',#2602,1.);
#759=VECTOR('',#2605,1.);
#760=VECTOR('',#2606,1.);
#761=VECTOR('',#2613,1.);
#762=VECTOR('',#2614,1.);
#763=VECTOR('',#2615,1.);
#764=VECTOR('',#2616,1.);
#765=VECTOR('',#2619,1.);
#766=VECTOR('',#2626,1.);
#767=VECTOR('',#2627,1.);
#768=VECTOR('',#2628,1.);
#769=VECTOR('',#2631,1.);
#770=VECTOR('',#2632,1.);
#771=VECTOR('',#2639,10.);
#772=VECTOR('',#2640,1.);
#773=VECTOR('',#2641,10.);
#774=VECTOR('',#2642,1.);
#775=VECTOR('',#2645,10.);
#776=VECTOR('',#2646,1.);
#777=VECTOR('',#2647,10.);
#778=VECTOR('',#2648,1.);
#779=VECTOR('',#2651,10.);
#780=VECTOR('',#2652,10.);
#781=VECTOR('',#2655,10.);
#782=VECTOR('',#2656,10.);
#783=VECTOR('',#2663,10.);
#784=VECTOR('',#2664,1.);
#785=VECTOR('',#2665,10.);
#786=VECTOR('',#2666,1.);
#787=VECTOR('',#2669,10.);
#788=VECTOR('',#2670,1.);
#789=VECTOR('',#2671,10.);
#790=VECTOR('',#2672,1.);
#791=VECTOR('',#2675,10.);
#792=VECTOR('',#2676,10.);
#793=VECTOR('',#2679,10.);
#794=VECTOR('',#2680,10.);
#795=VERTEX_POINT('',#2694);
#796=VERTEX_POINT('',#2695);
#797=VERTEX_POINT('',#2697);
#798=VERTEX_POINT('',#2699);
#799=VERTEX_POINT('',#2703);
#800=VERTEX_POINT('',#2705);
#801=VERTEX_POINT('',#2709);
#802=VERTEX_POINT('',#2712);
#803=VERTEX_POINT('',#2715);
#804=VERTEX_POINT('',#2722);
#805=VERTEX_POINT('',#2723);
#806=VERTEX_POINT('',#2730);
#807=VERTEX_POINT('',#2731);
#808=VERTEX_POINT('',#2733);
#809=VERTEX_POINT('',#2735);
#810=VERTEX_POINT('',#2739);
#811=VERTEX_POINT('',#2741);
#812=VERTEX_POINT('',#2743);
#813=VERTEX_POINT('',#2747);
#814=VERTEX_POINT('',#2751);
#815=VERTEX_POINT('',#2755);
#816=VERTEX_POINT('',#2763);
#817=VERTEX_POINT('',#2764);
#818=VERTEX_POINT('',#2766);
#819=VERTEX_POINT('',#2768);
#820=VERTEX_POINT('',#2772);
#821=VERTEX_POINT('',#2774);
#822=VERTEX_POINT('',#2778);
#823=VERTEX_POINT('',#2779);
#824=VERTEX_POINT('',#2789);
#825=VERTEX_POINT('',#2790);
#826=VERTEX_POINT('',#2792);
#827=VERTEX_POINT('',#2794);
#828=VERTEX_POINT('',#2798);
#829=VERTEX_POINT('',#2799);
#830=VERTEX_POINT('',#2804);
#831=VERTEX_POINT('',#2805);
#832=VERTEX_POINT('',#2815);
#833=VERTEX_POINT('',#2816);
#834=VERTEX_POINT('',#2818);
#835=VERTEX_POINT('',#2820);
#836=VERTEX_POINT('',#2824);
#837=VERTEX_POINT('',#2826);
#838=VERTEX_POINT('',#2830);
#839=VERTEX_POINT('',#2831);
#840=VERTEX_POINT('',#2841);
#841=VERTEX_POINT('',#2842);
#842=VERTEX_POINT('',#2844);
#843=VERTEX_POINT('',#2846);
#844=VERTEX_POINT('',#2850);
#845=VERTEX_POINT('',#2851);
#846=VERTEX_POINT('',#2856);
#847=VERTEX_POINT('',#2857);
#848=VERTEX_POINT('',#2867);
#849=VERTEX_POINT('',#2868);
#850=VERTEX_POINT('',#2870);
#851=VERTEX_POINT('',#2872);
#852=VERTEX_POINT('',#2876);
#853=VERTEX_POINT('',#2878);
#854=VERTEX_POINT('',#2882);
#855=VERTEX_POINT('',#2883);
#856=VERTEX_POINT('',#2893);
#857=VERTEX_POINT('',#2894);
#858=VERTEX_POINT('',#2896);
#859=VERTEX_POINT('',#2898);
#860=VERTEX_POINT('',#2902);
#861=VERTEX_POINT('',#2903);
#862=VERTEX_POINT('',#2908);
#863=VERTEX_POINT('',#2909);
#864=VERTEX_POINT('',#2919);
#865=VERTEX_POINT('',#2920);
#866=VERTEX_POINT('',#2922);
#867=VERTEX_POINT('',#2924);
#868=VERTEX_POINT('',#2928);
#869=VERTEX_POINT('',#2930);
#870=VERTEX_POINT('',#2934);
#871=VERTEX_POINT('',#2935);
#872=VERTEX_POINT('',#2945);
#873=VERTEX_POINT('',#2946);
#874=VERTEX_POINT('',#2948);
#875=VERTEX_POINT('',#2950);
#876=VERTEX_POINT('',#2954);
#877=VERTEX_POINT('',#2955);
#878=VERTEX_POINT('',#2960);
#879=VERTEX_POINT('',#2961);
#880=VERTEX_POINT('',#2971);
#881=VERTEX_POINT('',#2972);
#882=VERTEX_POINT('',#2974);
#883=VERTEX_POINT('',#2976);
#884=VERTEX_POINT('',#2980);
#885=VERTEX_POINT('',#2982);
#886=VERTEX_POINT('',#2986);
#887=VERTEX_POINT('',#2987);
#888=VERTEX_POINT('',#2997);
#889=VERTEX_POINT('',#2998);
#890=VERTEX_POINT('',#3000);
#891=VERTEX_POINT('',#3002);
#892=VERTEX_POINT('',#3006);
#893=VERTEX_POINT('',#3007);
#894=VERTEX_POINT('',#3012);
#895=VERTEX_POINT('',#3013);
#896=VERTEX_POINT('',#3023);
#897=VERTEX_POINT('',#3024);
#898=VERTEX_POINT('',#3026);
#899=VERTEX_POINT('',#3028);
#900=VERTEX_POINT('',#3032);
#901=VERTEX_POINT('',#3034);
#902=VERTEX_POINT('',#3038);
#903=VERTEX_POINT('',#3039);
#904=VERTEX_POINT('',#3049);
#905=VERTEX_POINT('',#3050);
#906=VERTEX_POINT('',#3052);
#907=VERTEX_POINT('',#3054);
#908=VERTEX_POINT('',#3058);
#909=VERTEX_POINT('',#3059);
#910=VERTEX_POINT('',#3064);
#911=VERTEX_POINT('',#3065);
#912=VERTEX_POINT('',#3075);
#913=VERTEX_POINT('',#3076);
#914=VERTEX_POINT('',#3078);
#915=VERTEX_POINT('',#3080);
#916=VERTEX_POINT('',#3084);
#917=VERTEX_POINT('',#3086);
#918=VERTEX_POINT('',#3090);
#919=VERTEX_POINT('',#3091);
#920=VERTEX_POINT('',#3101);
#921=VERTEX_POINT('',#3102);
#922=VERTEX_POINT('',#3104);
#923=VERTEX_POINT('',#3106);
#924=VERTEX_POINT('',#3110);
#925=VERTEX_POINT('',#3111);
#926=VERTEX_POINT('',#3116);
#927=VERTEX_POINT('',#3117);
#928=VERTEX_POINT('',#3127);
#929=VERTEX_POINT('',#3128);
#930=VERTEX_POINT('',#3130);
#931=VERTEX_POINT('',#3132);
#932=VERTEX_POINT('',#3136);
#933=VERTEX_POINT('',#3138);
#934=VERTEX_POINT('',#3142);
#935=VERTEX_POINT('',#3143);
#936=VERTEX_POINT('',#3153);
#937=VERTEX_POINT('',#3154);
#938=VERTEX_POINT('',#3156);
#939=VERTEX_POINT('',#3158);
#940=VERTEX_POINT('',#3162);
#941=VERTEX_POINT('',#3163);
#942=VERTEX_POINT('',#3168);
#943=VERTEX_POINT('',#3169);
#944=VERTEX_POINT('',#3179);
#945=VERTEX_POINT('',#3180);
#946=VERTEX_POINT('',#3182);
#947=VERTEX_POINT('',#3184);
#948=VERTEX_POINT('',#3188);
#949=VERTEX_POINT('',#3189);
#950=VERTEX_POINT('',#3191);
#951=VERTEX_POINT('',#3193);
#952=VERTEX_POINT('',#3205);
#953=VERTEX_POINT('',#3206);
#954=VERTEX_POINT('',#3208);
#955=VERTEX_POINT('',#3210);
#956=VERTEX_POINT('',#3214);
#957=VERTEX_POINT('',#3215);
#958=VERTEX_POINT('',#3217);
#959=VERTEX_POINT('',#3219);
#960=EDGE_CURVE('',#795,#796,#371,.F.);
#961=EDGE_CURVE('',#796,#797,#372,.F.);
#962=EDGE_CURVE('',#798,#797,#373,.F.);
#963=EDGE_CURVE('',#795,#798,#374,.F.);
#964=EDGE_CURVE('',#795,#799,#375,.T.);
#965=EDGE_CURVE('',#799,#800,#376,.F.);
#966=EDGE_CURVE('',#796,#800,#377,.T.);
#967=EDGE_CURVE('',#800,#801,#378,.F.);
#968=EDGE_CURVE('',#797,#801,#379,.T.);
#969=EDGE_CURVE('',#802,#802,#89,.T.);
#970=EDGE_CURVE('',#798,#803,#380,.T.);
#971=EDGE_CURVE('',#803,#801,#381,.F.);
#972=EDGE_CURVE('',#799,#803,#382,.F.);
#973=EDGE_CURVE('',#804,#805,#90,.T.);
#974=EDGE_CURVE('',#805,#804,#91,.T.);
#975=EDGE_CURVE('',#805,#802,#383,.T.);
#976=EDGE_CURVE('',#806,#807,#384,.T.);
#977=EDGE_CURVE('',#807,#808,#385,.T.);
#978=EDGE_CURVE('',#808,#809,#386,.T.);
#979=EDGE_CURVE('',#809,#806,#387,.T.);
#980=EDGE_CURVE('',#808,#810,#388,.T.);
#981=EDGE_CURVE('',#811,#810,#389,.T.);
#982=EDGE_CURVE('',#812,#811,#390,.T.);
#983=EDGE_CURVE('',#812,#809,#391,.T.);
#984=EDGE_CURVE('',#807,#813,#392,.T.);
#985=EDGE_CURVE('',#810,#813,#393,.F.);
#986=EDGE_CURVE('',#812,#814,#394,.F.);
#987=EDGE_CURVE('',#814,#806,#395,.T.);
#988=EDGE_CURVE('',#811,#815,#396,.F.);
#989=EDGE_CURVE('',#815,#813,#397,.T.);
#990=EDGE_CURVE('',#814,#815,#398,.T.);
#991=EDGE_CURVE('',#816,#817,#399,.T.);
#992=EDGE_CURVE('',#816,#818,#400,.T.);
#993=EDGE_CURVE('',#818,#819,#401,.T.);
#994=EDGE_CURVE('',#817,#819,#402,.T.);
#995=EDGE_CURVE('',#818,#820,#92,.T.);
#996=EDGE_CURVE('',#820,#821,#403,.T.);
#997=EDGE_CURVE('',#819,#821,#93,.T.);
#998=EDGE_CURVE('',#822,#823,#404,.T.);
#999=EDGE_CURVE('',#823,#821,#405,.T.);
#1000=EDGE_CURVE('',#822,#820,#406,.T.);
#1001=EDGE_CURVE('',#817,#823,#407,.T.);
#1002=EDGE_CURVE('',#816,#822,#408,.T.);
#1003=EDGE_CURVE('',#824,#825,#409,.T.);
#1004=EDGE_CURVE('',#825,#826,#410,.T.);
#1005=EDGE_CURVE('',#827,#826,#411,.T.);
#1006=EDGE_CURVE('',#824,#827,#412,.T.);
#1007=EDGE_CURVE('',#828,#829,#413,.T.);
#1008=EDGE_CURVE('',#828,#827,#94,.T.);
#1009=EDGE_CURVE('',#829,#826,#95,.T.);
#1010=EDGE_CURVE('',#830,#831,#414,.T.);
#1011=EDGE_CURVE('',#830,#828,#415,.T.);
#1012=EDGE_CURVE('',#831,#829,#416,.T.);
#1013=EDGE_CURVE('',#824,#830,#417,.T.);
#1014=EDGE_CURVE('',#825,#831,#418,.T.);
#1015=EDGE_CURVE('',#832,#833,#419,.T.);
#1016=EDGE_CURVE('',#832,#834,#420,.T.);
#1017=EDGE_CURVE('',#834,#835,#421,.T.);
#1018=EDGE_CURVE('',#833,#835,#422,.T.);
#1019=EDGE_CURVE('',#834,#836,#96,.T.);
#1020=EDGE_CURVE('',#836,#837,#423,.T.);
#1021=EDGE_CURVE('',#835,#837,#97,.T.);
#1022=EDGE_CURVE('',#838,#839,#424,.T.);
#1023=EDGE_CURVE('',#839,#837,#425,.T.);
#1024=EDGE_CURVE('',#838,#836,#426,.T.);
#1025=EDGE_CURVE('',#833,#839,#427,.T.);
#1026=EDGE_CURVE('',#832,#838,#428,.T.);
#1027=EDGE_CURVE('',#840,#841,#429,.T.);
#1028=EDGE_CURVE('',#841,#842,#430,.T.);
#1029=EDGE_CURVE('',#843,#842,#431,.T.);
#1030=EDGE_CURVE('',#840,#843,#432,.T.);
#1031=EDGE_CURVE('',#844,#845,#433,.T.);
#1032=EDGE_CURVE('',#844,#843,#98,.T.);
#1033=EDGE_CURVE('',#845,#842,#99,.T.);
#1034=EDGE_CURVE('',#846,#847,#434,.T.);
#1035=EDGE_CURVE('',#846,#844,#435,.T.);
#1036=EDGE_CURVE('',#847,#845,#436,.T.);
#1037=EDGE_CURVE('',#840,#846,#437,.T.);
#1038=EDGE_CURVE('',#841,#847,#438,.T.);
#1039=EDGE_CURVE('',#848,#849,#439,.T.);
#1040=EDGE_CURVE('',#848,#850,#440,.T.);
#1041=EDGE_CURVE('',#850,#851,#441,.T.);
#1042=EDGE_CURVE('',#849,#851,#442,.T.);
#1043=EDGE_CURVE('',#850,#852,#100,.T.);
#1044=EDGE_CURVE('',#852,#853,#443,.T.);
#1045=EDGE_CURVE('',#851,#853,#101,.T.);
#1046=EDGE_CURVE('',#854,#855,#444,.T.);
#1047=EDGE_CURVE('',#855,#853,#445,.T.);
#1048=EDGE_CURVE('',#854,#852,#446,.T.);
#1049=EDGE_CURVE('',#849,#855,#447,.T.);
#1050=EDGE_CURVE('',#848,#854,#448,.T.);
#1051=EDGE_CURVE('',#856,#857,#449,.T.);
#1052=EDGE_CURVE('',#857,#858,#450,.T.);
#1053=EDGE_CURVE('',#859,#858,#451,.T.);
#1054=EDGE_CURVE('',#856,#859,#452,.T.);
#1055=EDGE_CURVE('',#860,#861,#453,.T.);
#1056=EDGE_CURVE('',#860,#859,#102,.T.);
#1057=EDGE_CURVE('',#861,#858,#103,.T.);
#1058=EDGE_CURVE('',#862,#863,#454,.T.);
#1059=EDGE_CURVE('',#862,#860,#455,.T.);
#1060=EDGE_CURVE('',#863,#861,#456,.T.);
#1061=EDGE_CURVE('',#856,#862,#457,.T.);
#1062=EDGE_CURVE('',#857,#863,#458,.T.);
#1063=EDGE_CURVE('',#864,#865,#459,.T.);
#1064=EDGE_CURVE('',#864,#866,#460,.T.);
#1065=EDGE_CURVE('',#866,#867,#461,.T.);
#1066=EDGE_CURVE('',#865,#867,#462,.T.);
#1067=EDGE_CURVE('',#866,#868,#104,.T.);
#1068=EDGE_CURVE('',#868,#869,#463,.T.);
#1069=EDGE_CURVE('',#867,#869,#105,.T.);
#1070=EDGE_CURVE('',#870,#871,#464,.T.);
#1071=EDGE_CURVE('',#871,#869,#465,.T.);
#1072=EDGE_CURVE('',#870,#868,#466,.T.);
#1073=EDGE_CURVE('',#865,#871,#467,.T.);
#1074=EDGE_CURVE('',#864,#870,#468,.T.);
#1075=EDGE_CURVE('',#872,#873,#469,.T.);
#1076=EDGE_CURVE('',#873,#874,#470,.T.);
#1077=EDGE_CURVE('',#875,#874,#471,.T.);
#1078=EDGE_CURVE('',#872,#875,#472,.T.);
#1079=EDGE_CURVE('',#876,#877,#473,.T.);
#1080=EDGE_CURVE('',#876,#875,#106,.T.);
#1081=EDGE_CURVE('',#877,#874,#107,.T.);
#1082=EDGE_CURVE('',#878,#879,#474,.T.);
#1083=EDGE_CURVE('',#878,#876,#475,.T.);
#1084=EDGE_CURVE('',#879,#877,#476,.T.);
#1085=EDGE_CURVE('',#872,#878,#477,.T.);
#1086=EDGE_CURVE('',#873,#879,#478,.T.);
#1087=EDGE_CURVE('',#880,#881,#479,.T.);
#1088=EDGE_CURVE('',#880,#882,#480,.T.);
#1089=EDGE_CURVE('',#882,#883,#481,.T.);
#1090=EDGE_CURVE('',#881,#883,#482,.T.);
#1091=EDGE_CURVE('',#882,#884,#108,.T.);
#1092=EDGE_CURVE('',#884,#885,#483,.T.);
#1093=EDGE_CURVE('',#883,#885,#109,.T.);
#1094=EDGE_CURVE('',#886,#887,#484,.T.);
#1095=EDGE_CURVE('',#887,#885,#485,.T.);
#1096=EDGE_CURVE('',#886,#884,#486,.T.);
#1097=EDGE_CURVE('',#881,#887,#487,.T.);
#1098=EDGE_CURVE('',#880,#886,#488,.T.);
#1099=EDGE_CURVE('',#888,#889,#489,.T.);
#1100=EDGE_CURVE('',#889,#890,#490,.T.);
#1101=EDGE_CURVE('',#891,#890,#491,.T.);
#1102=EDGE_CURVE('',#888,#891,#492,.T.);
#1103=EDGE_CURVE('',#892,#893,#493,.T.);
#1104=EDGE_CURVE('',#892,#891,#110,.T.);
#1105=EDGE_CURVE('',#893,#890,#111,.T.);
#1106=EDGE_CURVE('',#894,#895,#494,.T.);
#1107=EDGE_CURVE('',#894,#892,#495,.T.);
#1108=EDGE_CURVE('',#895,#893,#496,.T.);
#1109=EDGE_CURVE('',#888,#894,#497,.T.);
#1110=EDGE_CURVE('',#889,#895,#498,.T.);
#1111=EDGE_CURVE('',#896,#897,#499,.T.);
#1112=EDGE_CURVE('',#896,#898,#500,.T.);
#1113=EDGE_CURVE('',#898,#899,#501,.T.);
#1114=EDGE_CURVE('',#897,#899,#502,.T.);
#1115=EDGE_CURVE('',#898,#900,#112,.T.);
#1116=EDGE_CURVE('',#900,#901,#503,.T.);
#1117=EDGE_CURVE('',#899,#901,#113,.T.);
#1118=EDGE_CURVE('',#902,#903,#504,.T.);
#1119=EDGE_CURVE('',#903,#901,#505,.T.);
#1120=EDGE_CURVE('',#902,#900,#506,.T.);
#1121=EDGE_CURVE('',#897,#903,#507,.T.);
#1122=EDGE_CURVE('',#896,#902,#508,.T.);
#1123=EDGE_CURVE('',#904,#905,#509,.T.);
#1124=EDGE_CURVE('',#905,#906,#510,.T.);
#1125=EDGE_CURVE('',#907,#906,#511,.T.);
#1126=EDGE_CURVE('',#904,#907,#512,.T.);
#1127=EDGE_CURVE('',#908,#909,#513,.T.);
#1128=EDGE_CURVE('',#908,#907,#114,.T.);
#1129=EDGE_CURVE('',#909,#906,#115,.T.);
#1130=EDGE_CURVE('',#910,#911,#514,.T.);
#1131=EDGE_CURVE('',#910,#908,#515,.T.);
#1132=EDGE_CURVE('',#911,#909,#516,.T.);
#1133=EDGE_CURVE('',#904,#910,#517,.T.);
#1134=EDGE_CURVE('',#905,#911,#518,.T.);
#1135=EDGE_CURVE('',#912,#913,#519,.T.);
#1136=EDGE_CURVE('',#912,#914,#520,.T.);
#1137=EDGE_CURVE('',#914,#915,#521,.T.);
#1138=EDGE_CURVE('',#913,#915,#522,.T.);
#1139=EDGE_CURVE('',#914,#916,#116,.T.);
#1140=EDGE_CURVE('',#916,#917,#523,.T.);
#1141=EDGE_CURVE('',#915,#917,#117,.T.);
#1142=EDGE_CURVE('',#918,#919,#524,.T.);
#1143=EDGE_CURVE('',#919,#917,#525,.T.);
#1144=EDGE_CURVE('',#918,#916,#526,.T.);
#1145=EDGE_CURVE('',#913,#919,#527,.T.);
#1146=EDGE_CURVE('',#912,#918,#528,.T.);
#1147=EDGE_CURVE('',#920,#921,#529,.T.);
#1148=EDGE_CURVE('',#921,#922,#530,.T.);
#1149=EDGE_CURVE('',#923,#922,#531,.T.);
#1150=EDGE_CURVE('',#920,#923,#532,.T.);
#1151=EDGE_CURVE('',#924,#925,#533,.T.);
#1152=EDGE_CURVE('',#924,#923,#118,.T.);
#1153=EDGE_CURVE('',#925,#922,#119,.T.);
#1154=EDGE_CURVE('',#926,#927,#534,.T.);
#1155=EDGE_CURVE('',#926,#924,#535,.T.);
#1156=EDGE_CURVE('',#927,#925,#536,.T.);
#1157=EDGE_CURVE('',#920,#926,#537,.T.);
#1158=EDGE_CURVE('',#921,#927,#538,.T.);
#1159=EDGE_CURVE('',#928,#929,#539,.T.);
#1160=EDGE_CURVE('',#928,#930,#540,.T.);
#1161=EDGE_CURVE('',#930,#931,#541,.T.);
#1162=EDGE_CURVE('',#929,#931,#542,.T.);
#1163=EDGE_CURVE('',#930,#932,#120,.T.);
#1164=EDGE_CURVE('',#932,#933,#543,.T.);
#1165=EDGE_CURVE('',#931,#933,#121,.T.);
#1166=EDGE_CURVE('',#934,#935,#544,.T.);
#1167=EDGE_CURVE('',#935,#933,#545,.T.);
#1168=EDGE_CURVE('',#934,#932,#546,.T.);
#1169=EDGE_CURVE('',#929,#935,#547,.T.);
#1170=EDGE_CURVE('',#928,#934,#548,.T.);
#1171=EDGE_CURVE('',#936,#937,#549,.T.);
#1172=EDGE_CURVE('',#937,#938,#550,.T.);
#1173=EDGE_CURVE('',#939,#938,#551,.T.);
#1174=EDGE_CURVE('',#936,#939,#552,.T.);
#1175=EDGE_CURVE('',#940,#941,#553,.T.);
#1176=EDGE_CURVE('',#940,#939,#122,.T.);
#1177=EDGE_CURVE('',#941,#938,#123,.T.);
#1178=EDGE_CURVE('',#942,#943,#554,.T.);
#1179=EDGE_CURVE('',#942,#940,#555,.T.);
#1180=EDGE_CURVE('',#943,#941,#556,.T.);
#1181=EDGE_CURVE('',#936,#942,#557,.T.);
#1182=EDGE_CURVE('',#937,#943,#558,.T.);
#1183=EDGE_CURVE('',#944,#945,#559,.F.);
#1184=EDGE_CURVE('',#945,#946,#560,.T.);
#1185=EDGE_CURVE('',#947,#946,#561,.F.);
#1186=EDGE_CURVE('',#944,#947,#562,.T.);
#1187=EDGE_CURVE('',#948,#949,#563,.F.);
#1188=EDGE_CURVE('',#948,#950,#564,.T.);
#1189=EDGE_CURVE('',#950,#951,#565,.F.);
#1190=EDGE_CURVE('',#949,#951,#566,.T.);
#1191=EDGE_CURVE('',#944,#948,#567,.T.);
#1192=EDGE_CURVE('',#945,#949,#568,.T.);
#1193=EDGE_CURVE('',#947,#950,#569,.T.);
#1194=EDGE_CURVE('',#946,#951,#570,.T.);
#1195=EDGE_CURVE('',#952,#953,#571,.F.);
#1196=EDGE_CURVE('',#953,#954,#572,.T.);
#1197=EDGE_CURVE('',#955,#954,#573,.F.);
#1198=EDGE_CURVE('',#952,#955,#574,.T.);
#1199=EDGE_CURVE('',#956,#957,#575,.F.);
#1200=EDGE_CURVE('',#956,#958,#576,.T.);
#1201=EDGE_CURVE('',#958,#959,#577,.F.);
#1202=EDGE_CURVE('',#957,#959,#578,.T.);
#1203=EDGE_CURVE('',#952,#956,#579,.T.);
#1204=EDGE_CURVE('',#953,#957,#580,.T.);
#1205=EDGE_CURVE('',#955,#958,#581,.T.);
#1206=EDGE_CURVE('',#954,#959,#582,.T.);
#1207=ORIENTED_EDGE('',*,*,#960,.T.);
#1208=ORIENTED_EDGE('',*,*,#961,.T.);
#1209=ORIENTED_EDGE('',*,*,#962,.F.);
#1210=ORIENTED_EDGE('',*,*,#963,.F.);
#1211=ORIENTED_EDGE('',*,*,#964,.T.);
#1212=ORIENTED_EDGE('',*,*,#965,.T.);
#1213=ORIENTED_EDGE('',*,*,#966,.F.);
#1214=ORIENTED_EDGE('',*,*,#960,.F.);
#1215=ORIENTED_EDGE('',*,*,#961,.F.);
#1216=ORIENTED_EDGE('',*,*,#966,.T.);
#1217=ORIENTED_EDGE('',*,*,#967,.T.);
#1218=ORIENTED_EDGE('',*,*,#968,.F.);
#1219=ORIENTED_EDGE('',*,*,#969,.F.);
#1220=ORIENTED_EDGE('',*,*,#970,.F.);
#1221=ORIENTED_EDGE('',*,*,#962,.T.);
#1222=ORIENTED_EDGE('',*,*,#968,.T.);
#1223=ORIENTED_EDGE('',*,*,#971,.F.);
#1224=ORIENTED_EDGE('',*,*,#963,.T.);
#1225=ORIENTED_EDGE('',*,*,#970,.T.);
#1226=ORIENTED_EDGE('',*,*,#972,.F.);
#1227=ORIENTED_EDGE('',*,*,#964,.F.);
#1228=ORIENTED_EDGE('',*,*,#965,.F.);
#1229=ORIENTED_EDGE('',*,*,#972,.T.);
#1230=ORIENTED_EDGE('',*,*,#971,.T.);
#1231=ORIENTED_EDGE('',*,*,#967,.F.);
#1232=ORIENTED_EDGE('',*,*,#973,.F.);
#1233=ORIENTED_EDGE('',*,*,#974,.F.);
#1234=ORIENTED_EDGE('',*,*,#975,.T.);
#1235=ORIENTED_EDGE('',*,*,#969,.T.);
#1236=ORIENTED_EDGE('',*,*,#975,.F.);
#1237=ORIENTED_EDGE('',*,*,#973,.T.);
#1238=ORIENTED_EDGE('',*,*,#974,.T.);
#1239=ORIENTED_EDGE('',*,*,#976,.T.);
#1240=ORIENTED_EDGE('',*,*,#977,.T.);
#1241=ORIENTED_EDGE('',*,*,#978,.T.);
#1242=ORIENTED_EDGE('',*,*,#979,.T.);
#1243=ORIENTED_EDGE('',*,*,#978,.F.);
#1244=ORIENTED_EDGE('',*,*,#980,.T.);
#1245=ORIENTED_EDGE('',*,*,#981,.F.);
#1246=ORIENTED_EDGE('',*,*,#982,.F.);
#1247=ORIENTED_EDGE('',*,*,#983,.T.);
#1248=ORIENTED_EDGE('',*,*,#977,.F.);
#1249=ORIENTED_EDGE('',*,*,#984,.T.);
#1250=ORIENTED_EDGE('',*,*,#985,.F.);
#1251=ORIENTED_EDGE('',*,*,#980,.F.);
#1252=ORIENTED_EDGE('',*,*,#979,.F.);
#1253=ORIENTED_EDGE('',*,*,#983,.F.);
#1254=ORIENTED_EDGE('',*,*,#986,.T.);
#1255=ORIENTED_EDGE('',*,*,#987,.T.);
#1256=ORIENTED_EDGE('',*,*,#988,.F.);
#1257=ORIENTED_EDGE('',*,*,#981,.T.);
#1258=ORIENTED_EDGE('',*,*,#985,.T.);
#1259=ORIENTED_EDGE('',*,*,#989,.F.);
#1260=ORIENTED_EDGE('',*,*,#982,.T.);
#1261=ORIENTED_EDGE('',*,*,#988,.T.);
#1262=ORIENTED_EDGE('',*,*,#990,.F.);
#1263=ORIENTED_EDGE('',*,*,#986,.F.);
#1264=ORIENTED_EDGE('',*,*,#976,.F.);
#1265=ORIENTED_EDGE('',*,*,#987,.F.);
#1266=ORIENTED_EDGE('',*,*,#990,.T.);
#1267=ORIENTED_EDGE('',*,*,#989,.T.);
#1268=ORIENTED_EDGE('',*,*,#984,.F.);
#1269=ORIENTED_EDGE('',*,*,#991,.F.);
#1270=ORIENTED_EDGE('',*,*,#992,.T.);
#1271=ORIENTED_EDGE('',*,*,#993,.T.);
#1272=ORIENTED_EDGE('',*,*,#994,.F.);
#1273=ORIENTED_EDGE('',*,*,#993,.F.);
#1274=ORIENTED_EDGE('',*,*,#995,.T.);
#1275=ORIENTED_EDGE('',*,*,#996,.T.);
#1276=ORIENTED_EDGE('',*,*,#997,.F.);
#1277=ORIENTED_EDGE('',*,*,#998,.T.);
#1278=ORIENTED_EDGE('',*,*,#999,.T.);
#1279=ORIENTED_EDGE('',*,*,#996,.F.);
#1280=ORIENTED_EDGE('',*,*,#1000,.F.);
#1281=ORIENTED_EDGE('',*,*,#991,.T.);
#1282=ORIENTED_EDGE('',*,*,#1001,.T.);
#1283=ORIENTED_EDGE('',*,*,#998,.F.);
#1284=ORIENTED_EDGE('',*,*,#1002,.F.);
#1285=ORIENTED_EDGE('',*,*,#992,.F.);
#1286=ORIENTED_EDGE('',*,*,#1002,.T.);
#1287=ORIENTED_EDGE('',*,*,#1000,.T.);
#1288=ORIENTED_EDGE('',*,*,#995,.F.);
#1289=ORIENTED_EDGE('',*,*,#994,.T.);
#1290=ORIENTED_EDGE('',*,*,#997,.T.);
#1291=ORIENTED_EDGE('',*,*,#999,.F.);
#1292=ORIENTED_EDGE('',*,*,#1001,.F.);
#1293=ORIENTED_EDGE('',*,*,#1003,.T.);
#1294=ORIENTED_EDGE('',*,*,#1004,.T.);
#1295=ORIENTED_EDGE('',*,*,#1005,.F.);
#1296=ORIENTED_EDGE('',*,*,#1006,.F.);
#1297=ORIENTED_EDGE('',*,*,#1007,.F.);
#1298=ORIENTED_EDGE('',*,*,#1008,.T.);
#1299=ORIENTED_EDGE('',*,*,#1005,.T.);
#1300=ORIENTED_EDGE('',*,*,#1009,.F.);
#1301=ORIENTED_EDGE('',*,*,#1010,.F.);
#1302=ORIENTED_EDGE('',*,*,#1011,.T.);
#1303=ORIENTED_EDGE('',*,*,#1007,.T.);
#1304=ORIENTED_EDGE('',*,*,#1012,.F.);
#1305=ORIENTED_EDGE('',*,*,#1003,.F.);
#1306=ORIENTED_EDGE('',*,*,#1013,.T.);
#1307=ORIENTED_EDGE('',*,*,#1010,.T.);
#1308=ORIENTED_EDGE('',*,*,#1014,.F.);
#1309=ORIENTED_EDGE('',*,*,#1006,.T.);
#1310=ORIENTED_EDGE('',*,*,#1008,.F.);
#1311=ORIENTED_EDGE('',*,*,#1011,.F.);
#1312=ORIENTED_EDGE('',*,*,#1013,.F.);
#1313=ORIENTED_EDGE('',*,*,#1004,.F.);
#1314=ORIENTED_EDGE('',*,*,#1014,.T.);
#1315=ORIENTED_EDGE('',*,*,#1012,.T.);
#1316=ORIENTED_EDGE('',*,*,#1009,.T.);
#1317=ORIENTED_EDGE('',*,*,#1015,.F.);
#1318=ORIENTED_EDGE('',*,*,#1016,.T.);
#1319=ORIENTED_EDGE('',*,*,#1017,.T.);
#1320=ORIENTED_EDGE('',*,*,#1018,.F.);
#1321=ORIENTED_EDGE('',*,*,#1017,.F.);
#1322=ORIENTED_EDGE('',*,*,#1019,.T.);
#1323=ORIENTED_EDGE('',*,*,#1020,.T.);
#1324=ORIENTED_EDGE('',*,*,#1021,.F.);
#1325=ORIENTED_EDGE('',*,*,#1022,.T.);
#1326=ORIENTED_EDGE('',*,*,#1023,.T.);
#1327=ORIENTED_EDGE('',*,*,#1020,.F.);
#1328=ORIENTED_EDGE('',*,*,#1024,.F.);
#1329=ORIENTED_EDGE('',*,*,#1015,.T.);
#1330=ORIENTED_EDGE('',*,*,#1025,.T.);
#1331=ORIENTED_EDGE('',*,*,#1022,.F.);
#1332=ORIENTED_EDGE('',*,*,#1026,.F.);
#1333=ORIENTED_EDGE('',*,*,#1016,.F.);
#1334=ORIENTED_EDGE('',*,*,#1026,.T.);
#1335=ORIENTED_EDGE('',*,*,#1024,.T.);
#1336=ORIENTED_EDGE('',*,*,#1019,.F.);
#1337=ORIENTED_EDGE('',*,*,#1018,.T.);
#1338=ORIENTED_EDGE('',*,*,#1021,.T.);
#1339=ORIENTED_EDGE('',*,*,#1023,.F.);
#1340=ORIENTED_EDGE('',*,*,#1025,.F.);
#1341=ORIENTED_EDGE('',*,*,#1027,.T.);
#1342=ORIENTED_EDGE('',*,*,#1028,.T.);
#1343=ORIENTED_EDGE('',*,*,#1029,.F.);
#1344=ORIENTED_EDGE('',*,*,#1030,.F.);
#1345=ORIENTED_EDGE('',*,*,#1031,.F.);
#1346=ORIENTED_EDGE('',*,*,#1032,.T.);
#1347=ORIENTED_EDGE('',*,*,#1029,.T.);
#1348=ORIENTED_EDGE('',*,*,#1033,.F.);
#1349=ORIENTED_EDGE('',*,*,#1034,.F.);
#1350=ORIENTED_EDGE('',*,*,#1035,.T.);
#1351=ORIENTED_EDGE('',*,*,#1031,.T.);
#1352=ORIENTED_EDGE('',*,*,#1036,.F.);
#1353=ORIENTED_EDGE('',*,*,#1027,.F.);
#1354=ORIENTED_EDGE('',*,*,#1037,.T.);
#1355=ORIENTED_EDGE('',*,*,#1034,.T.);
#1356=ORIENTED_EDGE('',*,*,#1038,.F.);
#1357=ORIENTED_EDGE('',*,*,#1030,.T.);
#1358=ORIENTED_EDGE('',*,*,#1032,.F.);
#1359=ORIENTED_EDGE('',*,*,#1035,.F.);
#1360=ORIENTED_EDGE('',*,*,#1037,.F.);
#1361=ORIENTED_EDGE('',*,*,#1028,.F.);
#1362=ORIENTED_EDGE('',*,*,#1038,.T.);
#1363=ORIENTED_EDGE('',*,*,#1036,.T.);
#1364=ORIENTED_EDGE('',*,*,#1033,.T.);
#1365=ORIENTED_EDGE('',*,*,#1039,.F.);
#1366=ORIENTED_EDGE('',*,*,#1040,.T.);
#1367=ORIENTED_EDGE('',*,*,#1041,.T.);
#1368=ORIENTED_EDGE('',*,*,#1042,.F.);
#1369=ORIENTED_EDGE('',*,*,#1041,.F.);
#1370=ORIENTED_EDGE('',*,*,#1043,.T.);
#1371=ORIENTED_EDGE('',*,*,#1044,.T.);
#1372=ORIENTED_EDGE('',*,*,#1045,.F.);
#1373=ORIENTED_EDGE('',*,*,#1046,.T.);
#1374=ORIENTED_EDGE('',*,*,#1047,.T.);
#1375=ORIENTED_EDGE('',*,*,#1044,.F.);
#1376=ORIENTED_EDGE('',*,*,#1048,.F.);
#1377=ORIENTED_EDGE('',*,*,#1039,.T.);
#1378=ORIENTED_EDGE('',*,*,#1049,.T.);
#1379=ORIENTED_EDGE('',*,*,#1046,.F.);
#1380=ORIENTED_EDGE('',*,*,#1050,.F.);
#1381=ORIENTED_EDGE('',*,*,#1040,.F.);
#1382=ORIENTED_EDGE('',*,*,#1050,.T.);
#1383=ORIENTED_EDGE('',*,*,#1048,.T.);
#1384=ORIENTED_EDGE('',*,*,#1043,.F.);
#1385=ORIENTED_EDGE('',*,*,#1042,.T.);
#1386=ORIENTED_EDGE('',*,*,#1045,.T.);
#1387=ORIENTED_EDGE('',*,*,#1047,.F.);
#1388=ORIENTED_EDGE('',*,*,#1049,.F.);
#1389=ORIENTED_EDGE('',*,*,#1051,.T.);
#1390=ORIENTED_EDGE('',*,*,#1052,.T.);
#1391=ORIENTED_EDGE('',*,*,#1053,.F.);
#1392=ORIENTED_EDGE('',*,*,#1054,.F.);
#1393=ORIENTED_EDGE('',*,*,#1055,.F.);
#1394=ORIENTED_EDGE('',*,*,#1056,.T.);
#1395=ORIENTED_EDGE('',*,*,#1053,.T.);
#1396=ORIENTED_EDGE('',*,*,#1057,.F.);
#1397=ORIENTED_EDGE('',*,*,#1058,.F.);
#1398=ORIENTED_EDGE('',*,*,#1059,.T.);
#1399=ORIENTED_EDGE('',*,*,#1055,.T.);
#1400=ORIENTED_EDGE('',*,*,#1060,.F.);
#1401=ORIENTED_EDGE('',*,*,#1051,.F.);
#1402=ORIENTED_EDGE('',*,*,#1061,.T.);
#1403=ORIENTED_EDGE('',*,*,#1058,.T.);
#1404=ORIENTED_EDGE('',*,*,#1062,.F.);
#1405=ORIENTED_EDGE('',*,*,#1054,.T.);
#1406=ORIENTED_EDGE('',*,*,#1056,.F.);
#1407=ORIENTED_EDGE('',*,*,#1059,.F.);
#1408=ORIENTED_EDGE('',*,*,#1061,.F.);
#1409=ORIENTED_EDGE('',*,*,#1052,.F.);
#1410=ORIENTED_EDGE('',*,*,#1062,.T.);
#1411=ORIENTED_EDGE('',*,*,#1060,.T.);
#1412=ORIENTED_EDGE('',*,*,#1057,.T.);
#1413=ORIENTED_EDGE('',*,*,#1063,.F.);
#1414=ORIENTED_EDGE('',*,*,#1064,.T.);
#1415=ORIENTED_EDGE('',*,*,#1065,.T.);
#1416=ORIENTED_EDGE('',*,*,#1066,.F.);
#1417=ORIENTED_EDGE('',*,*,#1065,.F.);
#1418=ORIENTED_EDGE('',*,*,#1067,.T.);
#1419=ORIENTED_EDGE('',*,*,#1068,.T.);
#1420=ORIENTED_EDGE('',*,*,#1069,.F.);
#1421=ORIENTED_EDGE('',*,*,#1070,.T.);
#1422=ORIENTED_EDGE('',*,*,#1071,.T.);
#1423=ORIENTED_EDGE('',*,*,#1068,.F.);
#1424=ORIENTED_EDGE('',*,*,#1072,.F.);
#1425=ORIENTED_EDGE('',*,*,#1063,.T.);
#1426=ORIENTED_EDGE('',*,*,#1073,.T.);
#1427=ORIENTED_EDGE('',*,*,#1070,.F.);
#1428=ORIENTED_EDGE('',*,*,#1074,.F.);
#1429=ORIENTED_EDGE('',*,*,#1064,.F.);
#1430=ORIENTED_EDGE('',*,*,#1074,.T.);
#1431=ORIENTED_EDGE('',*,*,#1072,.T.);
#1432=ORIENTED_EDGE('',*,*,#1067,.F.);
#1433=ORIENTED_EDGE('',*,*,#1066,.T.);
#1434=ORIENTED_EDGE('',*,*,#1069,.T.);
#1435=ORIENTED_EDGE('',*,*,#1071,.F.);
#1436=ORIENTED_EDGE('',*,*,#1073,.F.);
#1437=ORIENTED_EDGE('',*,*,#1075,.T.);
#1438=ORIENTED_EDGE('',*,*,#1076,.T.);
#1439=ORIENTED_EDGE('',*,*,#1077,.F.);
#1440=ORIENTED_EDGE('',*,*,#1078,.F.);
#1441=ORIENTED_EDGE('',*,*,#1079,.F.);
#1442=ORIENTED_EDGE('',*,*,#1080,.T.);
#1443=ORIENTED_EDGE('',*,*,#1077,.T.);
#1444=ORIENTED_EDGE('',*,*,#1081,.F.);
#1445=ORIENTED_EDGE('',*,*,#1082,.F.);
#1446=ORIENTED_EDGE('',*,*,#1083,.T.);
#1447=ORIENTED_EDGE('',*,*,#1079,.T.);
#1448=ORIENTED_EDGE('',*,*,#1084,.F.);
#1449=ORIENTED_EDGE('',*,*,#1075,.F.);
#1450=ORIENTED_EDGE('',*,*,#1085,.T.);
#1451=ORIENTED_EDGE('',*,*,#1082,.T.);
#1452=ORIENTED_EDGE('',*,*,#1086,.F.);
#1453=ORIENTED_EDGE('',*,*,#1078,.T.);
#1454=ORIENTED_EDGE('',*,*,#1080,.F.);
#1455=ORIENTED_EDGE('',*,*,#1083,.F.);
#1456=ORIENTED_EDGE('',*,*,#1085,.F.);
#1457=ORIENTED_EDGE('',*,*,#1076,.F.);
#1458=ORIENTED_EDGE('',*,*,#1086,.T.);
#1459=ORIENTED_EDGE('',*,*,#1084,.T.);
#1460=ORIENTED_EDGE('',*,*,#1081,.T.);
#1461=ORIENTED_EDGE('',*,*,#1087,.F.);
#1462=ORIENTED_EDGE('',*,*,#1088,.T.);
#1463=ORIENTED_EDGE('',*,*,#1089,.T.);
#1464=ORIENTED_EDGE('',*,*,#1090,.F.);
#1465=ORIENTED_EDGE('',*,*,#1089,.F.);
#1466=ORIENTED_EDGE('',*,*,#1091,.T.);
#1467=ORIENTED_EDGE('',*,*,#1092,.T.);
#1468=ORIENTED_EDGE('',*,*,#1093,.F.);
#1469=ORIENTED_EDGE('',*,*,#1094,.T.);
#1470=ORIENTED_EDGE('',*,*,#1095,.T.);
#1471=ORIENTED_EDGE('',*,*,#1092,.F.);
#1472=ORIENTED_EDGE('',*,*,#1096,.F.);
#1473=ORIENTED_EDGE('',*,*,#1087,.T.);
#1474=ORIENTED_EDGE('',*,*,#1097,.T.);
#1475=ORIENTED_EDGE('',*,*,#1094,.F.);
#1476=ORIENTED_EDGE('',*,*,#1098,.F.);
#1477=ORIENTED_EDGE('',*,*,#1088,.F.);
#1478=ORIENTED_EDGE('',*,*,#1098,.T.);
#1479=ORIENTED_EDGE('',*,*,#1096,.T.);
#1480=ORIENTED_EDGE('',*,*,#1091,.F.);
#1481=ORIENTED_EDGE('',*,*,#1090,.T.);
#1482=ORIENTED_EDGE('',*,*,#1093,.T.);
#1483=ORIENTED_EDGE('',*,*,#1095,.F.);
#1484=ORIENTED_EDGE('',*,*,#1097,.F.);
#1485=ORIENTED_EDGE('',*,*,#1099,.T.);
#1486=ORIENTED_EDGE('',*,*,#1100,.T.);
#1487=ORIENTED_EDGE('',*,*,#1101,.F.);
#1488=ORIENTED_EDGE('',*,*,#1102,.F.);
#1489=ORIENTED_EDGE('',*,*,#1103,.F.);
#1490=ORIENTED_EDGE('',*,*,#1104,.T.);
#1491=ORIENTED_EDGE('',*,*,#1101,.T.);
#1492=ORIENTED_EDGE('',*,*,#1105,.F.);
#1493=ORIENTED_EDGE('',*,*,#1106,.F.);
#1494=ORIENTED_EDGE('',*,*,#1107,.T.);
#1495=ORIENTED_EDGE('',*,*,#1103,.T.);
#1496=ORIENTED_EDGE('',*,*,#1108,.F.);
#1497=ORIENTED_EDGE('',*,*,#1099,.F.);
#1498=ORIENTED_EDGE('',*,*,#1109,.T.);
#1499=ORIENTED_EDGE('',*,*,#1106,.T.);
#1500=ORIENTED_EDGE('',*,*,#1110,.F.);
#1501=ORIENTED_EDGE('',*,*,#1102,.T.);
#1502=ORIENTED_EDGE('',*,*,#1104,.F.);
#1503=ORIENTED_EDGE('',*,*,#1107,.F.);
#1504=ORIENTED_EDGE('',*,*,#1109,.F.);
#1505=ORIENTED_EDGE('',*,*,#1100,.F.);
#1506=ORIENTED_EDGE('',*,*,#1110,.T.);
#1507=ORIENTED_EDGE('',*,*,#1108,.T.);
#1508=ORIENTED_EDGE('',*,*,#1105,.T.);
#1509=ORIENTED_EDGE('',*,*,#1111,.F.);
#1510=ORIENTED_EDGE('',*,*,#1112,.T.);
#1511=ORIENTED_EDGE('',*,*,#1113,.T.);
#1512=ORIENTED_EDGE('',*,*,#1114,.F.);
#1513=ORIENTED_EDGE('',*,*,#1113,.F.);
#1514=ORIENTED_EDGE('',*,*,#1115,.T.);
#1515=ORIENTED_EDGE('',*,*,#1116,.T.);
#1516=ORIENTED_EDGE('',*,*,#1117,.F.);
#1517=ORIENTED_EDGE('',*,*,#1118,.T.);
#1518=ORIENTED_EDGE('',*,*,#1119,.T.);
#1519=ORIENTED_EDGE('',*,*,#1116,.F.);
#1520=ORIENTED_EDGE('',*,*,#1120,.F.);
#1521=ORIENTED_EDGE('',*,*,#1111,.T.);
#1522=ORIENTED_EDGE('',*,*,#1121,.T.);
#1523=ORIENTED_EDGE('',*,*,#1118,.F.);
#1524=ORIENTED_EDGE('',*,*,#1122,.F.);
#1525=ORIENTED_EDGE('',*,*,#1112,.F.);
#1526=ORIENTED_EDGE('',*,*,#1122,.T.);
#1527=ORIENTED_EDGE('',*,*,#1120,.T.);
#1528=ORIENTED_EDGE('',*,*,#1115,.F.);
#1529=ORIENTED_EDGE('',*,*,#1114,.T.);
#1530=ORIENTED_EDGE('',*,*,#1117,.T.);
#1531=ORIENTED_EDGE('',*,*,#1119,.F.);
#1532=ORIENTED_EDGE('',*,*,#1121,.F.);
#1533=ORIENTED_EDGE('',*,*,#1123,.T.);
#1534=ORIENTED_EDGE('',*,*,#1124,.T.);
#1535=ORIENTED_EDGE('',*,*,#1125,.F.);
#1536=ORIENTED_EDGE('',*,*,#1126,.F.);
#1537=ORIENTED_EDGE('',*,*,#1127,.F.);
#1538=ORIENTED_EDGE('',*,*,#1128,.T.);
#1539=ORIENTED_EDGE('',*,*,#1125,.T.);
#1540=ORIENTED_EDGE('',*,*,#1129,.F.);
#1541=ORIENTED_EDGE('',*,*,#1130,.F.);
#1542=ORIENTED_EDGE('',*,*,#1131,.T.);
#1543=ORIENTED_EDGE('',*,*,#1127,.T.);
#1544=ORIENTED_EDGE('',*,*,#1132,.F.);
#1545=ORIENTED_EDGE('',*,*,#1123,.F.);
#1546=ORIENTED_EDGE('',*,*,#1133,.T.);
#1547=ORIENTED_EDGE('',*,*,#1130,.T.);
#1548=ORIENTED_EDGE('',*,*,#1134,.F.);
#1549=ORIENTED_EDGE('',*,*,#1126,.T.);
#1550=ORIENTED_EDGE('',*,*,#1128,.F.);
#1551=ORIENTED_EDGE('',*,*,#1131,.F.);
#1552=ORIENTED_EDGE('',*,*,#1133,.F.);
#1553=ORIENTED_EDGE('',*,*,#1124,.F.);
#1554=ORIENTED_EDGE('',*,*,#1134,.T.);
#1555=ORIENTED_EDGE('',*,*,#1132,.T.);
#1556=ORIENTED_EDGE('',*,*,#1129,.T.);
#1557=ORIENTED_EDGE('',*,*,#1135,.F.);
#1558=ORIENTED_EDGE('',*,*,#1136,.T.);
#1559=ORIENTED_EDGE('',*,*,#1137,.T.);
#1560=ORIENTED_EDGE('',*,*,#1138,.F.);
#1561=ORIENTED_EDGE('',*,*,#1137,.F.);
#1562=ORIENTED_EDGE('',*,*,#1139,.T.);
#1563=ORIENTED_EDGE('',*,*,#1140,.T.);
#1564=ORIENTED_EDGE('',*,*,#1141,.F.);
#1565=ORIENTED_EDGE('',*,*,#1142,.T.);
#1566=ORIENTED_EDGE('',*,*,#1143,.T.);
#1567=ORIENTED_EDGE('',*,*,#1140,.F.);
#1568=ORIENTED_EDGE('',*,*,#1144,.F.);
#1569=ORIENTED_EDGE('',*,*,#1135,.T.);
#1570=ORIENTED_EDGE('',*,*,#1145,.T.);
#1571=ORIENTED_EDGE('',*,*,#1142,.F.);
#1572=ORIENTED_EDGE('',*,*,#1146,.F.);
#1573=ORIENTED_EDGE('',*,*,#1136,.F.);
#1574=ORIENTED_EDGE('',*,*,#1146,.T.);
#1575=ORIENTED_EDGE('',*,*,#1144,.T.);
#1576=ORIENTED_EDGE('',*,*,#1139,.F.);
#1577=ORIENTED_EDGE('',*,*,#1138,.T.);
#1578=ORIENTED_EDGE('',*,*,#1141,.T.);
#1579=ORIENTED_EDGE('',*,*,#1143,.F.);
#1580=ORIENTED_EDGE('',*,*,#1145,.F.);
#1581=ORIENTED_EDGE('',*,*,#1147,.T.);
#1582=ORIENTED_EDGE('',*,*,#1148,.T.);
#1583=ORIENTED_EDGE('',*,*,#1149,.F.);
#1584=ORIENTED_EDGE('',*,*,#1150,.F.);
#1585=ORIENTED_EDGE('',*,*,#1151,.F.);
#1586=ORIENTED_EDGE('',*,*,#1152,.T.);
#1587=ORIENTED_EDGE('',*,*,#1149,.T.);
#1588=ORIENTED_EDGE('',*,*,#1153,.F.);
#1589=ORIENTED_EDGE('',*,*,#1154,.F.);
#1590=ORIENTED_EDGE('',*,*,#1155,.T.);
#1591=ORIENTED_EDGE('',*,*,#1151,.T.);
#1592=ORIENTED_EDGE('',*,*,#1156,.F.);
#1593=ORIENTED_EDGE('',*,*,#1147,.F.);
#1594=ORIENTED_EDGE('',*,*,#1157,.T.);
#1595=ORIENTED_EDGE('',*,*,#1154,.T.);
#1596=ORIENTED_EDGE('',*,*,#1158,.F.);
#1597=ORIENTED_EDGE('',*,*,#1150,.T.);
#1598=ORIENTED_EDGE('',*,*,#1152,.F.);
#1599=ORIENTED_EDGE('',*,*,#1155,.F.);
#1600=ORIENTED_EDGE('',*,*,#1157,.F.);
#1601=ORIENTED_EDGE('',*,*,#1148,.F.);
#1602=ORIENTED_EDGE('',*,*,#1158,.T.);
#1603=ORIENTED_EDGE('',*,*,#1156,.T.);
#1604=ORIENTED_EDGE('',*,*,#1153,.T.);
#1605=ORIENTED_EDGE('',*,*,#1159,.F.);
#1606=ORIENTED_EDGE('',*,*,#1160,.T.);
#1607=ORIENTED_EDGE('',*,*,#1161,.T.);
#1608=ORIENTED_EDGE('',*,*,#1162,.F.);
#1609=ORIENTED_EDGE('',*,*,#1161,.F.);
#1610=ORIENTED_EDGE('',*,*,#1163,.T.);
#1611=ORIENTED_EDGE('',*,*,#1164,.T.);
#1612=ORIENTED_EDGE('',*,*,#1165,.F.);
#1613=ORIENTED_EDGE('',*,*,#1166,.T.);
#1614=ORIENTED_EDGE('',*,*,#1167,.T.);
#1615=ORIENTED_EDGE('',*,*,#1164,.F.);
#1616=ORIENTED_EDGE('',*,*,#1168,.F.);
#1617=ORIENTED_EDGE('',*,*,#1159,.T.);
#1618=ORIENTED_EDGE('',*,*,#1169,.T.);
#1619=ORIENTED_EDGE('',*,*,#1166,.F.);
#1620=ORIENTED_EDGE('',*,*,#1170,.F.);
#1621=ORIENTED_EDGE('',*,*,#1160,.F.);
#1622=ORIENTED_EDGE('',*,*,#1170,.T.);
#1623=ORIENTED_EDGE('',*,*,#1168,.T.);
#1624=ORIENTED_EDGE('',*,*,#1163,.F.);
#1625=ORIENTED_EDGE('',*,*,#1162,.T.);
#1626=ORIENTED_EDGE('',*,*,#1165,.T.);
#1627=ORIENTED_EDGE('',*,*,#1167,.F.);
#1628=ORIENTED_EDGE('',*,*,#1169,.F.);
#1629=ORIENTED_EDGE('',*,*,#1171,.T.);
#1630=ORIENTED_EDGE('',*,*,#1172,.T.);
#1631=ORIENTED_EDGE('',*,*,#1173,.F.);
#1632=ORIENTED_EDGE('',*,*,#1174,.F.);
#1633=ORIENTED_EDGE('',*,*,#1175,.F.);
#1634=ORIENTED_EDGE('',*,*,#1176,.T.);
#1635=ORIENTED_EDGE('',*,*,#1173,.T.);
#1636=ORIENTED_EDGE('',*,*,#1177,.F.);
#1637=ORIENTED_EDGE('',*,*,#1178,.F.);
#1638=ORIENTED_EDGE('',*,*,#1179,.T.);
#1639=ORIENTED_EDGE('',*,*,#1175,.T.);
#1640=ORIENTED_EDGE('',*,*,#1180,.F.);
#1641=ORIENTED_EDGE('',*,*,#1171,.F.);
#1642=ORIENTED_EDGE('',*,*,#1181,.T.);
#1643=ORIENTED_EDGE('',*,*,#1178,.T.);
#1644=ORIENTED_EDGE('',*,*,#1182,.F.);
#1645=ORIENTED_EDGE('',*,*,#1174,.T.);
#1646=ORIENTED_EDGE('',*,*,#1176,.F.);
#1647=ORIENTED_EDGE('',*,*,#1179,.F.);
#1648=ORIENTED_EDGE('',*,*,#1181,.F.);
#1649=ORIENTED_EDGE('',*,*,#1172,.F.);
#1650=ORIENTED_EDGE('',*,*,#1182,.T.);
#1651=ORIENTED_EDGE('',*,*,#1180,.T.);
#1652=ORIENTED_EDGE('',*,*,#1177,.T.);
#1653=ORIENTED_EDGE('',*,*,#1183,.T.);
#1654=ORIENTED_EDGE('',*,*,#1184,.T.);
#1655=ORIENTED_EDGE('',*,*,#1185,.F.);
#1656=ORIENTED_EDGE('',*,*,#1186,.F.);
#1657=ORIENTED_EDGE('',*,*,#1187,.F.);
#1658=ORIENTED_EDGE('',*,*,#1188,.T.);
#1659=ORIENTED_EDGE('',*,*,#1189,.T.);
#1660=ORIENTED_EDGE('',*,*,#1190,.F.);
#1661=ORIENTED_EDGE('',*,*,#1191,.T.);
#1662=ORIENTED_EDGE('',*,*,#1187,.T.);
#1663=ORIENTED_EDGE('',*,*,#1192,.F.);
#1664=ORIENTED_EDGE('',*,*,#1183,.F.);
#1665=ORIENTED_EDGE('',*,*,#1193,.F.);
#1666=ORIENTED_EDGE('',*,*,#1185,.T.);
#1667=ORIENTED_EDGE('',*,*,#1194,.T.);
#1668=ORIENTED_EDGE('',*,*,#1189,.F.);
#1669=ORIENTED_EDGE('',*,*,#1186,.T.);
#1670=ORIENTED_EDGE('',*,*,#1193,.T.);
#1671=ORIENTED_EDGE('',*,*,#1188,.F.);
#1672=ORIENTED_EDGE('',*,*,#1191,.F.);
#1673=ORIENTED_EDGE('',*,*,#1184,.F.);
#1674=ORIENTED_EDGE('',*,*,#1192,.T.);
#1675=ORIENTED_EDGE('',*,*,#1190,.T.);
#1676=ORIENTED_EDGE('',*,*,#1194,.F.);
#1677=ORIENTED_EDGE('',*,*,#1195,.T.);
#1678=ORIENTED_EDGE('',*,*,#1196,.T.);
#1679=ORIENTED_EDGE('',*,*,#1197,.F.);
#1680=ORIENTED_EDGE('',*,*,#1198,.F.);
#1681=ORIENTED_EDGE('',*,*,#1199,.F.);
#1682=ORIENTED_EDGE('',*,*,#1200,.T.);
#1683=ORIENTED_EDGE('',*,*,#1201,.T.);
#1684=ORIENTED_EDGE('',*,*,#1202,.F.);
#1685=ORIENTED_EDGE('',*,*,#1203,.T.);
#1686=ORIENTED_EDGE('',*,*,#1199,.T.);
#1687=ORIENTED_EDGE('',*,*,#1204,.F.);
#1688=ORIENTED_EDGE('',*,*,#1195,.F.);
#1689=ORIENTED_EDGE('',*,*,#1205,.F.);
#1690=ORIENTED_EDGE('',*,*,#1197,.T.);
#1691=ORIENTED_EDGE('',*,*,#1206,.T.);
#1692=ORIENTED_EDGE('',*,*,#1201,.F.);
#1693=ORIENTED_EDGE('',*,*,#1198,.T.);
#1694=ORIENTED_EDGE('',*,*,#1205,.T.);
#1695=ORIENTED_EDGE('',*,*,#1200,.F.);
#1696=ORIENTED_EDGE('',*,*,#1203,.F.);
#1697=ORIENTED_EDGE('',*,*,#1196,.F.);
#1698=ORIENTED_EDGE('',*,*,#1204,.T.);
#1699=ORIENTED_EDGE('',*,*,#1202,.T.);
#1700=ORIENTED_EDGE('',*,*,#1206,.F.);
#1701=PLANE('',#1986);
#1702=PLANE('',#1987);
#1703=PLANE('',#1988);
#1704=PLANE('',#1990);
#1705=PLANE('',#1991);
#1706=PLANE('',#1992);
#1707=PLANE('',#1996);
#1708=PLANE('',#1998);
#1709=PLANE('',#1999);
#1710=PLANE('',#2000);
#1711=PLANE('',#2001);
#1712=PLANE('',#2002);
#1713=PLANE('',#2003);
#1714=PLANE('',#2004);
#1715=PLANE('',#2006);
#1716=PLANE('',#2010);
#1717=PLANE('',#2011);
#1718=PLANE('',#2012);
#1719=PLANE('',#2013);
#1720=PLANE('',#2014);
#1721=PLANE('',#2018);
#1722=PLANE('',#2019);
#1723=PLANE('',#2020);
#1724=PLANE('',#2021);
#1725=PLANE('',#2022);
#1726=PLANE('',#2026);
#1727=PLANE('',#2027);
#1728=PLANE('',#2028);
#1729=PLANE('',#2029);
#1730=PLANE('',#2030);
#1731=PLANE('',#2034);
#1732=PLANE('',#2035);
#1733=PLANE('',#2036);
#1734=PLANE('',#2037);
#1735=PLANE('',#2038);
#1736=PLANE('',#2042);
#1737=PLANE('',#2043);
#1738=PLANE('',#2044);
#1739=PLANE('',#2045);
#1740=PLANE('',#2046);
#1741=PLANE('',#2050);
#1742=PLANE('',#2051);
#1743=PLANE('',#2052);
#1744=PLANE('',#2053);
#1745=PLANE('',#2054);
#1746=PLANE('',#2058);
#1747=PLANE('',#2059);
#1748=PLANE('',#2060);
#1749=PLANE('',#2061);
#1750=PLANE('',#2062);
#1751=PLANE('',#2066);
#1752=PLANE('',#2067);
#1753=PLANE('',#2068);
#1754=PLANE('',#2069);
#1755=PLANE('',#2070);
#1756=PLANE('',#2074);
#1757=PLANE('',#2075);
#1758=PLANE('',#2076);
#1759=PLANE('',#2077);
#1760=PLANE('',#2078);
#1761=PLANE('',#2082);
#1762=PLANE('',#2083);
#1763=PLANE('',#2084);
#1764=PLANE('',#2085);
#1765=PLANE('',#2086);
#1766=PLANE('',#2090);
#1767=PLANE('',#2091);
#1768=PLANE('',#2092);
#1769=PLANE('',#2093);
#1770=PLANE('',#2094);
#1771=PLANE('',#2098);
#1772=PLANE('',#2099);
#1773=PLANE('',#2100);
#1774=PLANE('',#2101);
#1775=PLANE('',#2102);
#1776=PLANE('',#2106);
#1777=PLANE('',#2107);
#1778=PLANE('',#2108);
#1779=PLANE('',#2109);
#1780=PLANE('',#2110);
#1781=PLANE('',#2114);
#1782=PLANE('',#2115);
#1783=PLANE('',#2116);
#1784=PLANE('',#2117);
#1785=PLANE('',#2118);
#1786=PLANE('',#2122);
#1787=PLANE('',#2123);
#1788=PLANE('',#2124);
#1789=PLANE('',#2125);
#1790=PLANE('',#2126);
#1791=PLANE('',#2130);
#1792=PLANE('',#2131);
#1793=PLANE('',#2132);
#1794=PLANE('',#2133);
#1795=PLANE('',#2134);
#1796=PLANE('',#2135);
#1797=PLANE('',#2136);
#1798=PLANE('',#2137);
#1799=PLANE('',#2138);
#1800=PLANE('',#2139);
#1801=PLANE('',#2140);
#1802=PLANE('',#2141);
#1803=PLANE('',#2142);
#1804=PLANE('',#2143);
#1805=PLANE('',#2144);
#1806=PLANE('',#2145);
#1807=ADVANCED_FACE('',(#124),#1701,.F.);
#1808=ADVANCED_FACE('',(#125),#1702,.F.);
#1809=ADVANCED_FACE('',(#126,#88),#1703,.T.);
#1810=ADVANCED_FACE('',(#127),#1704,.T.);
#1811=ADVANCED_FACE('',(#128),#1705,.F.);
#1812=ADVANCED_FACE('',(#129),#1706,.T.);
#1813=ADVANCED_FACE('',(#130),#71,.F.);
#1814=ADVANCED_FACE('',(#131),#1707,.T.);
#1815=ADVANCED_FACE('',(#132),#1708,.T.);
#1816=ADVANCED_FACE('',(#133),#1709,.F.);
#1817=ADVANCED_FACE('',(#134),#1710,.T.);
#1818=ADVANCED_FACE('',(#135),#1711,.F.);
#1819=ADVANCED_FACE('',(#136),#1712,.T.);
#1820=ADVANCED_FACE('',(#137),#1713,.F.);
#1821=ADVANCED_FACE('',(#138),#1714,.T.);
#1822=ADVANCED_FACE('',(#139),#1715,.F.);
#1823=ADVANCED_FACE('',(#140),#72,.T.);
#1824=ADVANCED_FACE('',(#141),#1716,.T.);
#1825=ADVANCED_FACE('',(#142),#1717,.T.);
#1826=ADVANCED_FACE('',(#143),#1718,.T.);
#1827=ADVANCED_FACE('',(#144),#1719,.F.);
#1828=ADVANCED_FACE('',(#145),#1720,.T.);
#1829=ADVANCED_FACE('',(#146),#73,.T.);
#1830=ADVANCED_FACE('',(#147),#1721,.F.);
#1831=ADVANCED_FACE('',(#148),#1722,.F.);
#1832=ADVANCED_FACE('',(#149),#1723,.F.);
#1833=ADVANCED_FACE('',(#150),#1724,.T.);
#1834=ADVANCED_FACE('',(#151),#1725,.F.);
#1835=ADVANCED_FACE('',(#152),#74,.T.);
#1836=ADVANCED_FACE('',(#153),#1726,.T.);
#1837=ADVANCED_FACE('',(#154),#1727,.T.);
#1838=ADVANCED_FACE('',(#155),#1728,.T.);
#1839=ADVANCED_FACE('',(#156),#1729,.F.);
#1840=ADVANCED_FACE('',(#157),#1730,.T.);
#1841=ADVANCED_FACE('',(#158),#75,.T.);
#1842=ADVANCED_FACE('',(#159),#1731,.F.);
#1843=ADVANCED_FACE('',(#160),#1732,.F.);
#1844=ADVANCED_FACE('',(#161),#1733,.F.);
#1845=ADVANCED_FACE('',(#162),#1734,.T.);
#1846=ADVANCED_FACE('',(#163),#1735,.F.);
#1847=ADVANCED_FACE('',(#164),#76,.T.);
#1848=ADVANCED_FACE('',(#165),#1736,.T.);
#1849=ADVANCED_FACE('',(#166),#1737,.T.);
#1850=ADVANCED_FACE('',(#167),#1738,.T.);
#1851=ADVANCED_FACE('',(#168),#1739,.F.);
#1852=ADVANCED_FACE('',(#169),#1740,.T.);
#1853=ADVANCED_FACE('',(#170),#77,.T.);
#1854=ADVANCED_FACE('',(#171),#1741,.F.);
#1855=ADVANCED_FACE('',(#172),#1742,.F.);
#1856=ADVANCED_FACE('',(#173),#1743,.F.);
#1857=ADVANCED_FACE('',(#174),#1744,.T.);
#1858=ADVANCED_FACE('',(#175),#1745,.F.);
#1859=ADVANCED_FACE('',(#176),#78,.T.);
#1860=ADVANCED_FACE('',(#177),#1746,.T.);
#1861=ADVANCED_FACE('',(#178),#1747,.T.);
#1862=ADVANCED_FACE('',(#179),#1748,.T.);
#1863=ADVANCED_FACE('',(#180),#1749,.F.);
#1864=ADVANCED_FACE('',(#181),#1750,.T.);
#1865=ADVANCED_FACE('',(#182),#79,.T.);
#1866=ADVANCED_FACE('',(#183),#1751,.F.);
#1867=ADVANCED_FACE('',(#184),#1752,.F.);
#1868=ADVANCED_FACE('',(#185),#1753,.F.);
#1869=ADVANCED_FACE('',(#186),#1754,.T.);
#1870=ADVANCED_FACE('',(#187),#1755,.F.);
#1871=ADVANCED_FACE('',(#188),#80,.T.);
#1872=ADVANCED_FACE('',(#189),#1756,.T.);
#1873=ADVANCED_FACE('',(#190),#1757,.T.);
#1874=ADVANCED_FACE('',(#191),#1758,.T.);
#1875=ADVANCED_FACE('',(#192),#1759,.F.);
#1876=ADVANCED_FACE('',(#193),#1760,.T.);
#1877=ADVANCED_FACE('',(#194),#81,.T.);
#1878=ADVANCED_FACE('',(#195),#1761,.F.);
#1879=ADVANCED_FACE('',(#196),#1762,.F.);
#1880=ADVANCED_FACE('',(#197),#1763,.F.);
#1881=ADVANCED_FACE('',(#198),#1764,.T.);
#1882=ADVANCED_FACE('',(#199),#1765,.F.);
#1883=ADVANCED_FACE('',(#200),#82,.T.);
#1884=ADVANCED_FACE('',(#201),#1766,.T.);
#1885=ADVANCED_FACE('',(#202),#1767,.T.);
#1886=ADVANCED_FACE('',(#203),#1768,.T.);
#1887=ADVANCED_FACE('',(#204),#1769,.F.);
#1888=ADVANCED_FACE('',(#205),#1770,.T.);
#1889=ADVANCED_FACE('',(#206),#83,.T.);
#1890=ADVANCED_FACE('',(#207),#1771,.F.);
#1891=ADVANCED_FACE('',(#208),#1772,.F.);
#1892=ADVANCED_FACE('',(#209),#1773,.F.);
#1893=ADVANCED_FACE('',(#210),#1774,.T.);
#1894=ADVANCED_FACE('',(#211),#1775,.F.);
#1895=ADVANCED_FACE('',(#212),#84,.T.);
#1896=ADVANCED_FACE('',(#213),#1776,.T.);
#1897=ADVANCED_FACE('',(#214),#1777,.T.);
#1898=ADVANCED_FACE('',(#215),#1778,.T.);
#1899=ADVANCED_FACE('',(#216),#1779,.F.);
#1900=ADVANCED_FACE('',(#217),#1780,.T.);
#1901=ADVANCED_FACE('',(#218),#85,.T.);
#1902=ADVANCED_FACE('',(#219),#1781,.F.);
#1903=ADVANCED_FACE('',(#220),#1782,.F.);
#1904=ADVANCED_FACE('',(#221),#1783,.F.);
#1905=ADVANCED_FACE('',(#222),#1784,.T.);
#1906=ADVANCED_FACE('',(#223),#1785,.F.);
#1907=ADVANCED_FACE('',(#224),#86,.T.);
#1908=ADVANCED_FACE('',(#225),#1786,.T.);
#1909=ADVANCED_FACE('',(#226),#1787,.T.);
#1910=ADVANCED_FACE('',(#227),#1788,.T.);
#1911=ADVANCED_FACE('',(#228),#1789,.F.);
#1912=ADVANCED_FACE('',(#229),#1790,.T.);
#1913=ADVANCED_FACE('',(#230),#87,.T.);
#1914=ADVANCED_FACE('',(#231),#1791,.F.);
#1915=ADVANCED_FACE('',(#232),#1792,.F.);
#1916=ADVANCED_FACE('',(#233),#1793,.F.);
#1917=ADVANCED_FACE('',(#234),#1794,.T.);
#1918=ADVANCED_FACE('',(#235),#1795,.F.);
#1919=ADVANCED_FACE('',(#236),#1796,.T.);
#1920=ADVANCED_FACE('',(#237),#1797,.F.);
#1921=ADVANCED_FACE('',(#238),#1798,.T.);
#1922=ADVANCED_FACE('',(#239),#1799,.F.);
#1923=ADVANCED_FACE('',(#240),#1800,.T.);
#1924=ADVANCED_FACE('',(#241),#1801,.F.);
#1925=ADVANCED_FACE('',(#242),#1802,.T.);
#1926=ADVANCED_FACE('',(#243),#1803,.F.);
#1927=ADVANCED_FACE('',(#244),#1804,.T.);
#1928=ADVANCED_FACE('',(#245),#1805,.F.);
#1929=ADVANCED_FACE('',(#246),#1806,.T.);
#1930=CLOSED_SHELL('',(#1807,#1808,#1809,#1810,#1811,#1812,#1813,#1814));
#1931=CLOSED_SHELL('',(#1815,#1816,#1817,#1818,#1819,#1820,#1821));
#1932=CLOSED_SHELL('',(#1822,#1823,#1824,#1825,#1826,#1827));
#1933=CLOSED_SHELL('',(#1828,#1829,#1830,#1831,#1832,#1833));
#1934=CLOSED_SHELL('',(#1834,#1835,#1836,#1837,#1838,#1839));
#1935=CLOSED_SHELL('',(#1840,#1841,#1842,#1843,#1844,#1845));
#1936=CLOSED_SHELL('',(#1846,#1847,#1848,#1849,#1850,#1851));
#1937=CLOSED_SHELL('',(#1852,#1853,#1854,#1855,#1856,#1857));
#1938=CLOSED_SHELL('',(#1858,#1859,#1860,#1861,#1862,#1863));
#1939=CLOSED_SHELL('',(#1864,#1865,#1866,#1867,#1868,#1869));
#1940=CLOSED_SHELL('',(#1870,#1871,#1872,#1873,#1874,#1875));
#1941=CLOSED_SHELL('',(#1876,#1877,#1878,#1879,#1880,#1881));
#1942=CLOSED_SHELL('',(#1882,#1883,#1884,#1885,#1886,#1887));
#1943=CLOSED_SHELL('',(#1888,#1889,#1890,#1891,#1892,#1893));
#1944=CLOSED_SHELL('',(#1894,#1895,#1896,#1897,#1898,#1899));
#1945=CLOSED_SHELL('',(#1900,#1901,#1902,#1903,#1904,#1905));
#1946=CLOSED_SHELL('',(#1906,#1907,#1908,#1909,#1910,#1911));
#1947=CLOSED_SHELL('',(#1912,#1913,#1914,#1915,#1916,#1917));
#1948=CLOSED_SHELL('',(#1918,#1919,#1920,#1921,#1922,#1923));
#1949=CLOSED_SHELL('',(#1924,#1925,#1926,#1927,#1928,#1929));
#1950=DERIVED_UNIT_ELEMENT(#1956,1.);
#1951=DERIVED_UNIT_ELEMENT(#3244,3.);
#1952=DERIVED_UNIT_ELEMENT(#1956,1.);
#1953=DERIVED_UNIT_ELEMENT(#3244,3.);
#1954=DERIVED_UNIT_ELEMENT(#1956,1.);
#1955=DERIVED_UNIT_ELEMENT(#3244,3.);
#1956=(
MASS_UNIT()
NAMED_UNIT(*)
SI_UNIT(.KILO.,.GRAM.)
);
#1957=DERIVED_UNIT((#1950,#1951));
#1958=DERIVED_UNIT((#1952,#1953));
#1959=DERIVED_UNIT((#1954,#1955));
#1960=MEASURE_REPRESENTATION_ITEM('density measure',
POSITIVE_RATIO_MEASURE(7850.),#1957);
#1961=MEASURE_REPRESENTATION_ITEM('density measure',
POSITIVE_RATIO_MEASURE(7850.),#1958);
#1962=MEASURE_REPRESENTATION_ITEM('density measure',
POSITIVE_RATIO_MEASURE(7850.),#1959);
#1963=PROPERTY_DEFINITION_REPRESENTATION(#1978,#1969);
#1964=PROPERTY_DEFINITION_REPRESENTATION(#1979,#1970);
#1965=PROPERTY_DEFINITION_REPRESENTATION(#1980,#1971);
#1966=PROPERTY_DEFINITION_REPRESENTATION(#1981,#1972);
#1967=PROPERTY_DEFINITION_REPRESENTATION(#1982,#1973);
#1968=PROPERTY_DEFINITION_REPRESENTATION(#1983,#1974);
#1969=REPRESENTATION('material name',(#1975),#3239);
#1970=REPRESENTATION('density',(#1960),#3239);
#1971=REPRESENTATION('material name',(#1976),#3240);
#1972=REPRESENTATION('density',(#1961),#3240);
#1973=REPRESENTATION('material name',(#1977),#3241);
#1974=REPRESENTATION('density',(#1962),#3241);
#1975=DESCRIPTIVE_REPRESENTATION_ITEM('Steel','Steel');
#1976=DESCRIPTIVE_REPRESENTATION_ITEM('Steel','Steel');
#1977=DESCRIPTIVE_REPRESENTATION_ITEM('Steel','Steel');
#1978=PROPERTY_DEFINITION('material property','material name',#3264);
#1979=PROPERTY_DEFINITION('material property','density of part',#3264);
#1980=PROPERTY_DEFINITION('material property','material name',#3265);
#1981=PROPERTY_DEFINITION('material property','density of part',#3265);
#1982=PROPERTY_DEFINITION('material property','material name',#3266);
#1983=PROPERTY_DEFINITION('material property','density of part',#3266);
#1984=AXIS2_PLACEMENT_3D('placement',#2691,#2149,#2150);
#1985=AXIS2_PLACEMENT_3D('placement',#2692,#2151,#2152);
#1986=AXIS2_PLACEMENT_3D('',#2693,#2153,#2154);
#1987=AXIS2_PLACEMENT_3D('',#2702,#2159,#2160);
#1988=AXIS2_PLACEMENT_3D('',#2708,#2164,#2165);
#1989=AXIS2_PLACEMENT_3D('',#2713,#2168,#2169);
#1990=AXIS2_PLACEMENT_3D('',#2714,#2170,#2171);
#1991=AXIS2_PLACEMENT_3D('',#2718,#2174,#2175);
#1992=AXIS2_PLACEMENT_3D('',#2720,#2177,#2178);
#1993=AXIS2_PLACEMENT_3D('',#2721,#2179,#2180);
#1994=AXIS2_PLACEMENT_3D('',#2724,#2181,#2182);
#1995=AXIS2_PLACEMENT_3D('',#2725,#2183,#2184);
#1996=AXIS2_PLACEMENT_3D('',#2727,#2186,#2187);
#1997=AXIS2_PLACEMENT_3D('placement',#2728,#2188,#2189);
#1998=AXIS2_PLACEMENT_3D('',#2729,#2190,#2191);
#1999=AXIS2_PLACEMENT_3D('',#2738,#2196,#2197);
#2000=AXIS2_PLACEMENT_3D('',#2746,#2202,#2203);
#2001=AXIS2_PLACEMENT_3D('',#2750,#2206,#2207);
#2002=AXIS2_PLACEMENT_3D('',#2754,#2210,#2211);
#2003=AXIS2_PLACEMENT_3D('',#2758,#2214,#2215);
#2004=AXIS2_PLACEMENT_3D('',#2760,#2217,#2218);
#2005=AXIS2_PLACEMENT_3D('placement',#2761,#2219,#2220);
#2006=AXIS2_PLACEMENT_3D('',#2762,#2221,#2222);
#2007=AXIS2_PLACEMENT_3D('',#2771,#2227,#2228);
#2008=AXIS2_PLACEMENT_3D('',#2773,#2229,#2230);
#2009=AXIS2_PLACEMENT_3D('',#2776,#2232,#2233);
#2010=AXIS2_PLACEMENT_3D('',#2777,#2234,#2235);
#2011=AXIS2_PLACEMENT_3D('',#2783,#2239,#2240);
#2012=AXIS2_PLACEMENT_3D('',#2786,#2243,#2244);
#2013=AXIS2_PLACEMENT_3D('',#2787,#2245,#2246);
#2014=AXIS2_PLACEMENT_3D('',#2788,#2247,#2248);
#2015=AXIS2_PLACEMENT_3D('',#2797,#2253,#2254);
#2016=AXIS2_PLACEMENT_3D('',#2801,#2256,#2257);
#2017=AXIS2_PLACEMENT_3D('',#2802,#2258,#2259);
#2018=AXIS2_PLACEMENT_3D('',#2803,#2260,#2261);
#2019=AXIS2_PLACEMENT_3D('',#2809,#2265,#2266);
#2020=AXIS2_PLACEMENT_3D('',#2812,#2269,#2270);
#2021=AXIS2_PLACEMENT_3D('',#2813,#2271,#2272);
#2022=AXIS2_PLACEMENT_3D('',#2814,#2273,#2274);
#2023=AXIS2_PLACEMENT_3D('',#2823,#2279,#2280);
#2024=AXIS2_PLACEMENT_3D('',#2825,#2281,#2282);
#2025=AXIS2_PLACEMENT_3D('',#2828,#2284,#2285);
#2026=AXIS2_PLACEMENT_3D('',#2829,#2286,#2287);
#2027=AXIS2_PLACEMENT_3D('',#2835,#2291,#2292);
#2028=AXIS2_PLACEMENT_3D('',#2838,#2295,#2296);
#2029=AXIS2_PLACEMENT_3D('',#2839,#2297,#2298);
#2030=AXIS2_PLACEMENT_3D('',#2840,#2299,#2300);
#2031=AXIS2_PLACEMENT_3D('',#2849,#2305,#2306);
#2032=AXIS2_PLACEMENT_3D('',#2853,#2308,#2309);
#2033=AXIS2_PLACEMENT_3D('',#2854,#2310,#2311);
#2034=AXIS2_PLACEMENT_3D('',#2855,#2312,#2313);
#2035=AXIS2_PLACEMENT_3D('',#2861,#2317,#2318);
#2036=AXIS2_PLACEMENT_3D('',#2864,#2321,#2322);
#2037=AXIS2_PLACEMENT_3D('',#2865,#2323,#2324);
#2038=AXIS2_PLACEMENT_3D('',#2866,#2325,#2326);
#2039=AXIS2_PLACEMENT_3D('',#2875,#2331,#2332);
#2040=AXIS2_PLACEMENT_3D('',#2877,#2333,#2334);
#2041=AXIS2_PLACEMENT_3D('',#2880,#2336,#2337);
#2042=AXIS2_PLACEMENT_3D('',#2881,#2338,#2339);
#2043=AXIS2_PLACEMENT_3D('',#2887,#2343,#2344);
#2044=AXIS2_PLACEMENT_3D('',#2890,#2347,#2348);
#2045=AXIS2_PLACEMENT_3D('',#2891,#2349,#2350);
#2046=AXIS2_PLACEMENT_3D('',#2892,#2351,#2352);
#2047=AXIS2_PLACEMENT_3D('',#2901,#2357,#2358);
#2048=AXIS2_PLACEMENT_3D('',#2905,#2360,#2361);
#2049=AXIS2_PLACEMENT_3D('',#2906,#2362,#2363);
#2050=AXIS2_PLACEMENT_3D('',#2907,#2364,#2365);
#2051=AXIS2_PLACEMENT_3D('',#2913,#2369,#2370);
#2052=AXIS2_PLACEMENT_3D('',#2916,#2373,#2374);
#2053=AXIS2_PLACEMENT_3D('',#2917,#2375,#2376);
#2054=AXIS2_PLACEMENT_3D('',#2918,#2377,#2378);
#2055=AXIS2_PLACEMENT_3D('',#2927,#2383,#2384);
#2056=AXIS2_PLACEMENT_3D('',#2929,#2385,#2386);
#2057=AXIS2_PLACEMENT_3D('',#2932,#2388,#2389);
#2058=AXIS2_PLACEMENT_3D('',#2933,#2390,#2391);
#2059=AXIS2_PLACEMENT_3D('',#2939,#2395,#2396);
#2060=AXIS2_PLACEMENT_3D('',#2942,#2399,#2400);
#2061=AXIS2_PLACEMENT_3D('',#2943,#2401,#2402);
#2062=AXIS2_PLACEMENT_3D('',#2944,#2403,#2404);
#2063=AXIS2_PLACEMENT_3D('',#2953,#2409,#2410);
#2064=AXIS2_PLACEMENT_3D('',#2957,#2412,#2413);
#2065=AXIS2_PLACEMENT_3D('',#2958,#2414,#2415);
#2066=AXIS2_PLACEMENT_3D('',#2959,#2416,#2417);
#2067=AXIS2_PLACEMENT_3D('',#2965,#2421,#2422);
#2068=AXIS2_PLACEMENT_3D('',#2968,#2425,#2426);
#2069=AXIS2_PLACEMENT_3D('',#2969,#2427,#2428);
#2070=AXIS2_PLACEMENT_3D('',#2970,#2429,#2430);
#2071=AXIS2_PLACEMENT_3D('',#2979,#2435,#2436);
#2072=AXIS2_PLACEMENT_3D('',#2981,#2437,#2438);
#2073=AXIS2_PLACEMENT_3D('',#2984,#2440,#2441);
#2074=AXIS2_PLACEMENT_3D('',#2985,#2442,#2443);
#2075=AXIS2_PLACEMENT_3D('',#2991,#2447,#2448);
#2076=AXIS2_PLACEMENT_3D('',#2994,#2451,#2452);
#2077=AXIS2_PLACEMENT_3D('',#2995,#2453,#2454);
#2078=AXIS2_PLACEMENT_3D('',#2996,#2455,#2456);
#2079=AXIS2_PLACEMENT_3D('',#3005,#2461,#2462);
#2080=AXIS2_PLACEMENT_3D('',#3009,#2464,#2465);
#2081=AXIS2_PLACEMENT_3D('',#3010,#2466,#2467);
#2082=AXIS2_PLACEMENT_3D('',#3011,#2468,#2469);
#2083=AXIS2_PLACEMENT_3D('',#3017,#2473,#2474);
#2084=AXIS2_PLACEMENT_3D('',#3020,#2477,#2478);
#2085=AXIS2_PLACEMENT_3D('',#3021,#2479,#2480);
#2086=AXIS2_PLACEMENT_3D('',#3022,#2481,#2482);
#2087=AXIS2_PLACEMENT_3D('',#3031,#2487,#2488);
#2088=AXIS2_PLACEMENT_3D('',#3033,#2489,#2490);
#2089=AXIS2_PLACEMENT_3D('',#3036,#2492,#2493);
#2090=AXIS2_PLACEMENT_3D('',#3037,#2494,#2495);
#2091=AXIS2_PLACEMENT_3D('',#3043,#2499,#2500);
#2092=AXIS2_PLACEMENT_3D('',#3046,#2503,#2504);
#2093=AXIS2_PLACEMENT_3D('',#3047,#2505,#2506);
#2094=AXIS2_PLACEMENT_3D('',#3048,#2507,#2508);
#2095=AXIS2_PLACEMENT_3D('',#3057,#2513,#2514);
#2096=AXIS2_PLACEMENT_3D('',#3061,#2516,#2517);
#2097=AXIS2_PLACEMENT_3D('',#3062,#2518,#2519);
#2098=AXIS2_PLACEMENT_3D('',#3063,#2520,#2521);
#2099=AXIS2_PLACEMENT_3D('',#3069,#2525,#2526);
#2100=AXIS2_PLACEMENT_3D('',#3072,#2529,#2530);
#2101=AXIS2_PLACEMENT_3D('',#3073,#2531,#2532);
#2102=AXIS2_PLACEMENT_3D('',#3074,#2533,#2534);
#2103=AXIS2_PLACEMENT_3D('',#3083,#2539,#2540);
#2104=AXIS2_PLACEMENT_3D('',#3085,#2541,#2542);
#2105=AXIS2_PLACEMENT_3D('',#3088,#2544,#2545);
#2106=AXIS2_PLACEMENT_3D('',#3089,#2546,#2547);
#2107=AXIS2_PLACEMENT_3D('',#3095,#2551,#2552);
#2108=AXIS2_PLACEMENT_3D('',#3098,#2555,#2556);
#2109=AXIS2_PLACEMENT_3D('',#3099,#2557,#2558);
#2110=AXIS2_PLACEMENT_3D('',#3100,#2559,#2560);
#2111=AXIS2_PLACEMENT_3D('',#3109,#2565,#2566);
#2112=AXIS2_PLACEMENT_3D('',#3113,#2568,#2569);
#2113=AXIS2_PLACEMENT_3D('',#3114,#2570,#2571);
#2114=AXIS2_PLACEMENT_3D('',#3115,#2572,#2573);
#2115=AXIS2_PLACEMENT_3D('',#3121,#2577,#2578);
#2116=AXIS2_PLACEMENT_3D('',#3124,#2581,#2582);
#2117=AXIS2_PLACEMENT_3D('',#3125,#2583,#2584);
#2118=AXIS2_PLACEMENT_3D('',#3126,#2585,#2586);
#2119=AXIS2_PLACEMENT_3D('',#3135,#2591,#2592);
#2120=AXIS2_PLACEMENT_3D('',#3137,#2593,#2594);
#2121=AXIS2_PLACEMENT_3D('',#3140,#2596,#2597);
#2122=AXIS2_PLACEMENT_3D('',#3141,#2598,#2599);
#2123=AXIS2_PLACEMENT_3D('',#3147,#2603,#2604);
#2124=AXIS2_PLACEMENT_3D('',#3150,#2607,#2608);
#2125=AXIS2_PLACEMENT_3D('',#3151,#2609,#2610);
#2126=AXIS2_PLACEMENT_3D('',#3152,#2611,#2612);
#2127=AXIS2_PLACEMENT_3D('',#3161,#2617,#2618);
#2128=AXIS2_PLACEMENT_3D('',#3165,#2620,#2621);
#2129=AXIS2_PLACEMENT_3D('',#3166,#2622,#2623);
#2130=AXIS2_PLACEMENT_3D('',#3167,#2624,#2625);
#2131=AXIS2_PLACEMENT_3D('',#3173,#2629,#2630);
#2132=AXIS2_PLACEMENT_3D('',#3176,#2633,#2634);
#2133=AXIS2_PLACEMENT_3D('',#3177,#2635,#2636);
#2134=AXIS2_PLACEMENT_3D('',#3178,#2637,#2638);
#2135=AXIS2_PLACEMENT_3D('',#3187,#2643,#2644);
#2136=AXIS2_PLACEMENT_3D('',#3196,#2649,#2650);
#2137=AXIS2_PLACEMENT_3D('',#3199,#2653,#2654);
#2138=AXIS2_PLACEMENT_3D('',#3202,#2657,#2658);
#2139=AXIS2_PLACEMENT_3D('',#3203,#2659,#2660);
#2140=AXIS2_PLACEMENT_3D('',#3204,#2661,#2662);
#2141=AXIS2_PLACEMENT_3D('',#3213,#2667,#2668);
#2142=AXIS2_PLACEMENT_3D('',#3222,#2673,#2674);
#2143=AXIS2_PLACEMENT_3D('',#3225,#2677,#2678);
#2144=AXIS2_PLACEMENT_3D('',#3228,#2681,#2682);
#2145=AXIS2_PLACEMENT_3D('',#3229,#2683,#2684);
#2146=AXIS2_PLACEMENT_3D('',#3230,#2685,#2686);
#2147=AXIS2_PLACEMENT_3D('',#3231,#2687,#2688);
#2148=AXIS2_PLACEMENT_3D('',#3232,#2689,#2690);
#2149=DIRECTION('axis',(0.,0.,1.));
#2150=DIRECTION('refdir',(1.,0.,0.));
#2151=DIRECTION('axis',(0.,0.,1.));
#2152=DIRECTION('refdir',(1.,0.,0.));
#2153=DIRECTION('center_axis',(1.,0.,0.));
#2154=DIRECTION('ref_axis',(0.,0.,1.));
#2155=DIRECTION('',(0.,0.,-1.));
#2156=DIRECTION('',(0.,-1.,0.));
#2157=DIRECTION('',(0.,0.,-1.));
#2158=DIRECTION('',(0.,-1.,0.));
#2159=DIRECTION('center_axis',(0.,1.,0.));
#2160=DIRECTION('ref_axis',(0.,0.,1.));
#2161=DIRECTION('',(1.,0.,0.));
#2162=DIRECTION('',(0.,0.,-1.));
#2163=DIRECTION('',(1.,0.,0.));
#2164=DIRECTION('center_axis',(0.,0.,1.));
#2165=DIRECTION('ref_axis',(1.,0.,0.));
#2166=DIRECTION('',(0.,-1.,0.));
#2167=DIRECTION('',(1.,0.,0.));
#2168=DIRECTION('center_axis',(0.,0.,1.));
#2169=DIRECTION('ref_axis',(1.,0.,0.));
#2170=DIRECTION('center_axis',(0.,1.,0.));
#2171=DIRECTION('ref_axis',(0.,0.,1.));
#2172=DIRECTION('',(1.,0.,0.));
#2173=DIRECTION('',(0.,0.,-1.));
#2174=DIRECTION('center_axis',(0.,0.,1.));
#2175=DIRECTION('ref_axis',(1.,0.,0.));
#2176=DIRECTION('',(0.,-1.,0.));
#2177=DIRECTION('center_axis',(1.,0.,0.));
#2178=DIRECTION('ref_axis',(0.,0.,1.));
#2179=DIRECTION('center_axis',(0.,0.,1.));
#2180=DIRECTION('ref_axis',(1.,0.,0.));
#2181=DIRECTION('center_axis',(0.,0.,1.));
#2182=DIRECTION('ref_axis',(1.,0.,0.));
#2183=DIRECTION('center_axis',(0.,0.,1.));
#2184=DIRECTION('ref_axis',(1.,0.,0.));
#2185=DIRECTION('',(0.,0.,1.));
#2186=DIRECTION('center_axis',(0.,0.,1.));
#2187=DIRECTION('ref_axis',(1.,0.,0.));
#2188=DIRECTION('axis',(0.,0.,1.));
#2189=DIRECTION('refdir',(1.,0.,0.));
#2190=DIRECTION('center_axis',(-0.707106781186548,0.707106781186547,0.));
#2191=DIRECTION('ref_axis',(0.,0.,1.));
#2192=DIRECTION('',(0.707106781186547,0.707106781186548,0.));
#2193=DIRECTION('',(0.,0.,-1.));
#2194=DIRECTION('',(-0.707106781186547,-0.707106781186548,0.));
#2195=DIRECTION('',(0.,0.,1.));
#2196=DIRECTION('center_axis',(0.,0.,1.));
#2197=DIRECTION('ref_axis',(1.,0.,0.));
#2198=DIRECTION('',(1.,0.,0.));
#2199=DIRECTION('',(0.,1.,0.));
#2200=DIRECTION('',(1.,0.,0.));
#2201=DIRECTION('',(0.,1.,0.));
#2202=DIRECTION('center_axis',(0.,1.,0.));
#2203=DIRECTION('ref_axis',(0.,0.,1.));
#2204=DIRECTION('',(1.,0.,0.));
#2205=DIRECTION('',(0.,0.,-1.));
#2206=DIRECTION('center_axis',(1.,0.,0.));
#2207=DIRECTION('ref_axis',(0.,0.,1.));
#2208=DIRECTION('',(0.,0.,-1.));
#2209=DIRECTION('',(0.,1.,0.));
#2210=DIRECTION('center_axis',(1.,0.,0.));
#2211=DIRECTION('ref_axis',(0.,0.,1.));
#2212=DIRECTION('',(0.,0.,-1.));
#2213=DIRECTION('',(0.,1.,0.));
#2214=DIRECTION('center_axis',(0.,1.,0.));
#2215=DIRECTION('ref_axis',(0.,0.,1.));
#2216=DIRECTION('',(1.,0.,0.));
#2217=DIRECTION('center_axis',(0.,0.,1.));
#2218=DIRECTION('ref_axis',(1.,0.,0.));
#2219=DIRECTION('axis',(0.,0.,1.));
#2220=DIRECTION('refdir',(1.,0.,0.));
#2221=DIRECTION('center_axis',(0.,1.,0.));
#2222=DIRECTION('ref_axis',(1.,0.,0.));
#2223=DIRECTION('',(0.,0.,1.));
#2224=DIRECTION('',(1.,0.,0.));
#2225=DIRECTION('',(0.,0.,1.));
#2226=DIRECTION('',(1.,0.,0.));
#2227=DIRECTION('center_axis',(0.,0.,-1.));
#2228=DIRECTION('ref_axis',(1.,0.,0.));
#2229=DIRECTION('center_axis',(0.,0.,1.));
#2230=DIRECTION('ref_axis',(1.,0.,0.));
#2231=DIRECTION('',(0.,0.,1.));
#2232=DIRECTION('center_axis',(0.,0.,1.));
#2233=DIRECTION('ref_axis',(1.,0.,0.));
#2234=DIRECTION('center_axis',(0.,1.,0.));
#2235=DIRECTION('ref_axis',(1.,0.,0.));
#2236=DIRECTION('',(0.,0.,1.));
#2237=DIRECTION('',(1.,0.,0.));
#2238=DIRECTION('',(1.,0.,0.));
#2239=DIRECTION('center_axis',(-1.,0.,0.));
#2240=DIRECTION('ref_axis',(0.,1.,0.));
#2241=DIRECTION('',(0.,1.,0.));
#2242=DIRECTION('',(0.,1.,0.));
#2243=DIRECTION('center_axis',(0.,0.,-1.));
#2244=DIRECTION('ref_axis',(-1.,0.,0.));
#2245=DIRECTION('center_axis',(0.,0.,-1.));
#2246=DIRECTION('ref_axis',(-1.,0.,0.));
#2247=DIRECTION('center_axis',(0.,-1.,0.));
#2248=DIRECTION('ref_axis',(-1.,0.,0.));
#2249=DIRECTION('',(0.,0.,1.));
#2250=DIRECTION('',(-1.,0.,0.));
#2251=DIRECTION('',(0.,0.,1.));
#2252=DIRECTION('',(-1.,0.,0.));
#2253=DIRECTION('center_axis',(0.,0.,-1.));
#2254=DIRECTION('ref_axis',(-1.,1.22464679914735E-16,0.));
#2255=DIRECTION('',(0.,0.,1.));
#2256=DIRECTION('center_axis',(0.,0.,1.));
#2257=DIRECTION('ref_axis',(1.,0.,0.));
#2258=DIRECTION('center_axis',(0.,0.,1.));
#2259=DIRECTION('ref_axis',(1.,0.,0.));
#2260=DIRECTION('center_axis',(0.,-1.,0.));
#2261=DIRECTION('ref_axis',(-1.,0.,0.));
#2262=DIRECTION('',(0.,0.,1.));
#2263=DIRECTION('',(-1.,0.,0.));
#2264=DIRECTION('',(-1.,0.,0.));
#2265=DIRECTION('center_axis',(-1.,0.,0.));
#2266=DIRECTION('ref_axis',(0.,1.,0.));
#2267=DIRECTION('',(0.,1.,0.));
#2268=DIRECTION('',(0.,1.,0.));
#2269=DIRECTION('center_axis',(0.,0.,1.));
#2270=DIRECTION('ref_axis',(1.,0.,0.));
#2271=DIRECTION('center_axis',(0.,0.,1.));
#2272=DIRECTION('ref_axis',(1.,0.,0.));
#2273=DIRECTION('center_axis',(0.,1.,0.));
#2274=DIRECTION('ref_axis',(1.,0.,0.));
#2275=DIRECTION('',(0.,0.,1.));
#2276=DIRECTION('',(1.,0.,0.));
#2277=DIRECTION('',(0.,0.,1.));
#2278=DIRECTION('',(1.,0.,0.));
#2279=DIRECTION('center_axis',(0.,0.,-1.));
#2280=DIRECTION('ref_axis',(1.,0.,0.));
#2281=DIRECTION('center_axis',(0.,0.,1.));
#2282=DIRECTION('ref_axis',(1.,0.,0.));
#2283=DIRECTION('',(0.,0.,1.));
#2284=DIRECTION('center_axis',(0.,0.,1.));
#2285=DIRECTION('ref_axis',(1.,0.,0.));
#2286=DIRECTION('center_axis',(0.,1.,0.));
#2287=DIRECTION('ref_axis',(1.,0.,0.));
#2288=DIRECTION('',(0.,0.,1.));
#2289=DIRECTION('',(1.,0.,0.));
#2290=DIRECTION('',(1.,0.,0.));
#2291=DIRECTION('center_axis',(-1.,0.,0.));
#2292=DIRECTION('ref_axis',(0.,1.,0.));
#2293=DIRECTION('',(0.,1.,0.));
#2294=DIRECTION('',(0.,1.,0.));
#2295=DIRECTION('center_axis',(0.,0.,-1.));
#2296=DIRECTION('ref_axis',(-1.,0.,0.));
#2297=DIRECTION('center_axis',(0.,0.,-1.));
#2298=DIRECTION('ref_axis',(-1.,0.,0.));
#2299=DIRECTION('center_axis',(0.,-1.,0.));
#2300=DIRECTION('ref_axis',(-1.,0.,0.));
#2301=DIRECTION('',(0.,0.,1.));
#2302=DIRECTION('',(-1.,0.,0.));
#2303=DIRECTION('',(0.,0.,1.));
#2304=DIRECTION('',(-1.,0.,0.));
#2305=DIRECTION('center_axis',(0.,0.,-1.));
#2306=DIRECTION('ref_axis',(-1.,1.22464679914735E-16,0.));
#2307=DIRECTION('',(0.,0.,1.));
#2308=DIRECTION('center_axis',(0.,0.,1.));
#2309=DIRECTION('ref_axis',(1.,0.,0.));
#2310=DIRECTION('center_axis',(0.,0.,1.));
#2311=DIRECTION('ref_axis',(1.,0.,0.));
#2312=DIRECTION('center_axis',(0.,-1.,0.));
#2313=DIRECTION('ref_axis',(-1.,0.,0.));
#2314=DIRECTION('',(0.,0.,1.));
#2315=DIRECTION('',(-1.,0.,0.));
#2316=DIRECTION('',(-1.,0.,0.));
#2317=DIRECTION('center_axis',(-1.,0.,0.));
#2318=DIRECTION('ref_axis',(0.,1.,0.));
#2319=DIRECTION('',(0.,1.,0.));
#2320=DIRECTION('',(0.,1.,0.));
#2321=DIRECTION('center_axis',(0.,0.,1.));
#2322=DIRECTION('ref_axis',(1.,0.,0.));
#2323=DIRECTION('center_axis',(0.,0.,1.));
#2324=DIRECTION('ref_axis',(1.,0.,0.));
#2325=DIRECTION('center_axis',(0.,1.,0.));
#2326=DIRECTION('ref_axis',(1.,0.,0.));
#2327=DIRECTION('',(0.,0.,1.));
#2328=DIRECTION('',(1.,0.,0.));
#2329=DIRECTION('',(0.,0.,1.));
#2330=DIRECTION('',(1.,0.,0.));
#2331=DIRECTION('center_axis',(0.,0.,-1.));
#2332=DIRECTION('ref_axis',(1.,0.,0.));
#2333=DIRECTION('center_axis',(0.,0.,1.));
#2334=DIRECTION('ref_axis',(1.,0.,0.));
#2335=DIRECTION('',(0.,0.,1.));
#2336=DIRECTION('center_axis',(0.,0.,1.));
#2337=DIRECTION('ref_axis',(1.,0.,0.));
#2338=DIRECTION('center_axis',(0.,1.,0.));
#2339=DIRECTION('ref_axis',(1.,0.,0.));
#2340=DIRECTION('',(0.,0.,1.));
#2341=DIRECTION('',(1.,0.,0.));
#2342=DIRECTION('',(1.,0.,0.));
#2343=DIRECTION('center_axis',(-1.,0.,0.));
#2344=DIRECTION('ref_axis',(0.,1.,0.));
#2345=DIRECTION('',(0.,1.,0.));
#2346=DIRECTION('',(0.,1.,0.));
#2347=DIRECTION('center_axis',(0.,0.,-1.));
#2348=DIRECTION('ref_axis',(-1.,0.,0.));
#2349=DIRECTION('center_axis',(0.,0.,-1.));
#2350=DIRECTION('ref_axis',(-1.,0.,0.));
#2351=DIRECTION('center_axis',(0.,-1.,0.));
#2352=DIRECTION('ref_axis',(-1.,0.,0.));
#2353=DIRECTION('',(0.,0.,1.));
#2354=DIRECTION('',(-1.,0.,0.));
#2355=DIRECTION('',(0.,0.,1.));
#2356=DIRECTION('',(-1.,0.,0.));
#2357=DIRECTION('center_axis',(0.,0.,-1.));
#2358=DIRECTION('ref_axis',(-1.,1.22464679914735E-16,0.));
#2359=DIRECTION('',(0.,0.,1.));
#2360=DIRECTION('center_axis',(0.,0.,1.));
#2361=DIRECTION('ref_axis',(1.,0.,0.));
#2362=DIRECTION('center_axis',(0.,0.,1.));
#2363=DIRECTION('ref_axis',(1.,0.,0.));
#2364=DIRECTION('center_axis',(0.,-1.,0.));
#2365=DIRECTION('ref_axis',(-1.,0.,0.));
#2366=DIRECTION('',(0.,0.,1.));
#2367=DIRECTION('',(-1.,0.,0.));
#2368=DIRECTION('',(-1.,0.,0.));
#2369=DIRECTION('center_axis',(-1.,0.,0.));
#2370=DIRECTION('ref_axis',(0.,1.,0.));
#2371=DIRECTION('',(0.,1.,0.));
#2372=DIRECTION('',(0.,1.,0.));
#2373=DIRECTION('center_axis',(0.,0.,1.));
#2374=DIRECTION('ref_axis',(1.,0.,0.));
#2375=DIRECTION('center_axis',(0.,0.,1.));
#2376=DIRECTION('ref_axis',(1.,0.,0.));
#2377=DIRECTION('center_axis',(0.,1.,0.));
#2378=DIRECTION('ref_axis',(1.,0.,0.));
#2379=DIRECTION('',(0.,0.,1.));
#2380=DIRECTION('',(1.,0.,0.));
#2381=DIRECTION('',(0.,0.,1.));
#2382=DIRECTION('',(1.,0.,0.));
#2383=DIRECTION('center_axis',(0.,0.,-1.));
#2384=DIRECTION('ref_axis',(1.,0.,0.));
#2385=DIRECTION('center_axis',(0.,0.,1.));
#2386=DIRECTION('ref_axis',(1.,0.,0.));
#2387=DIRECTION('',(0.,0.,1.));
#2388=DIRECTION('center_axis',(0.,0.,1.));
#2389=DIRECTION('ref_axis',(1.,0.,0.));
#2390=DIRECTION('center_axis',(0.,1.,0.));
#2391=DIRECTION('ref_axis',(1.,0.,0.));
#2392=DIRECTION('',(0.,0.,1.));
#2393=DIRECTION('',(1.,0.,0.));
#2394=DIRECTION('',(1.,0.,0.));
#2395=DIRECTION('center_axis',(-1.,0.,0.));
#2396=DIRECTION('ref_axis',(0.,1.,0.));
#2397=DIRECTION('',(0.,1.,0.));
#2398=DIRECTION('',(0.,1.,0.));
#2399=DIRECTION('center_axis',(0.,0.,-1.));
#2400=DIRECTION('ref_axis',(-1.,0.,0.));
#2401=DIRECTION('center_axis',(0.,0.,-1.));
#2402=DIRECTION('ref_axis',(-1.,0.,0.));
#2403=DIRECTION('center_axis',(0.,-1.,0.));
#2404=DIRECTION('ref_axis',(-1.,0.,0.));
#2405=DIRECTION('',(0.,0.,1.));
#2406=DIRECTION('',(-1.,0.,0.));
#2407=DIRECTION('',(0.,0.,1.));
#2408=DIRECTION('',(-1.,0.,0.));
#2409=DIRECTION('center_axis',(0.,0.,-1.));
#2410=DIRECTION('ref_axis',(-1.,1.22464679914735E-16,0.));
#2411=DIRECTION('',(0.,0.,1.));
#2412=DIRECTION('center_axis',(0.,0.,1.));
#2413=DIRECTION('ref_axis',(1.,0.,0.));
#2414=DIRECTION('center_axis',(0.,0.,1.));
#2415=DIRECTION('ref_axis',(1.,0.,0.));
#2416=DIRECTION('center_axis',(0.,-1.,0.));
#2417=DIRECTION('ref_axis',(-1.,0.,0.));
#2418=DIRECTION('',(0.,0.,1.));
#2419=DIRECTION('',(-1.,0.,0.));
#2420=DIRECTION('',(-1.,0.,0.));
#2421=DIRECTION('center_axis',(-1.,0.,0.));
#2422=DIRECTION('ref_axis',(0.,1.,0.));
#2423=DIRECTION('',(0.,1.,0.));
#2424=DIRECTION('',(0.,1.,0.));
#2425=DIRECTION('center_axis',(0.,0.,1.));
#2426=DIRECTION('ref_axis',(1.,0.,0.));
#2427=DIRECTION('center_axis',(0.,0.,1.));
#2428=DIRECTION('ref_axis',(1.,0.,0.));
#2429=DIRECTION('center_axis',(0.,1.,0.));
#2430=DIRECTION('ref_axis',(1.,0.,0.));
#2431=DIRECTION('',(0.,0.,1.));
#2432=DIRECTION('',(1.,0.,0.));
#2433=DIRECTION('',(0.,0.,1.));
#2434=DIRECTION('',(1.,0.,0.));
#2435=DIRECTION('center_axis',(0.,0.,-1.));
#2436=DIRECTION('ref_axis',(1.,0.,0.));
#2437=DIRECTION('center_axis',(0.,0.,1.));
#2438=DIRECTION('ref_axis',(1.,0.,0.));
#2439=DIRECTION('',(0.,0.,1.));
#2440=DIRECTION('center_axis',(0.,0.,1.));
#2441=DIRECTION('ref_axis',(1.,0.,0.));
#2442=DIRECTION('center_axis',(0.,1.,0.));
#2443=DIRECTION('ref_axis',(1.,0.,0.));
#2444=DIRECTION('',(0.,0.,1.));
#2445=DIRECTION('',(1.,0.,0.));
#2446=DIRECTION('',(1.,0.,0.));
#2447=DIRECTION('center_axis',(-1.,0.,0.));
#2448=DIRECTION('ref_axis',(0.,1.,0.));
#2449=DIRECTION('',(0.,1.,0.));
#2450=DIRECTION('',(0.,1.,0.));
#2451=DIRECTION('center_axis',(0.,0.,-1.));
#2452=DIRECTION('ref_axis',(-1.,0.,0.));
#2453=DIRECTION('center_axis',(0.,0.,-1.));
#2454=DIRECTION('ref_axis',(-1.,0.,0.));
#2455=DIRECTION('center_axis',(0.,-1.,0.));
#2456=DIRECTION('ref_axis',(-1.,0.,0.));
#2457=DIRECTION('',(0.,0.,1.));
#2458=DIRECTION('',(-1.,0.,0.));
#2459=DIRECTION('',(0.,0.,1.));
#2460=DIRECTION('',(-1.,0.,0.));
#2461=DIRECTION('center_axis',(0.,0.,-1.));
#2462=DIRECTION('ref_axis',(-1.,1.22464679914735E-16,0.));
#2463=DIRECTION('',(0.,0.,1.));
#2464=DIRECTION('center_axis',(0.,0.,1.));
#2465=DIRECTION('ref_axis',(1.,0.,0.));
#2466=DIRECTION('center_axis',(0.,0.,1.));
#2467=DIRECTION('ref_axis',(1.,0.,0.));
#2468=DIRECTION('center_axis',(0.,-1.,0.));
#2469=DIRECTION('ref_axis',(-1.,0.,0.));
#2470=DIRECTION('',(0.,0.,1.));
#2471=DIRECTION('',(-1.,0.,0.));
#2472=DIRECTION('',(-1.,0.,0.));
#2473=DIRECTION('center_axis',(-1.,0.,0.));
#2474=DIRECTION('ref_axis',(0.,1.,0.));
#2475=DIRECTION('',(0.,1.,0.));
#2476=DIRECTION('',(0.,1.,0.));
#2477=DIRECTION('center_axis',(0.,0.,1.));
#2478=DIRECTION('ref_axis',(1.,0.,0.));
#2479=DIRECTION('center_axis',(0.,0.,1.));
#2480=DIRECTION('ref_axis',(1.,0.,0.));
#2481=DIRECTION('center_axis',(0.,1.,0.));
#2482=DIRECTION('ref_axis',(1.,0.,0.));
#2483=DIRECTION('',(0.,0.,1.));
#2484=DIRECTION('',(1.,0.,0.));
#2485=DIRECTION('',(0.,0.,1.));
#2486=DIRECTION('',(1.,0.,0.));
#2487=DIRECTION('center_axis',(0.,0.,-1.));
#2488=DIRECTION('ref_axis',(1.,0.,0.));
#2489=DIRECTION('center_axis',(0.,0.,1.));
#2490=DIRECTION('ref_axis',(1.,0.,0.));
#2491=DIRECTION('',(0.,0.,1.));
#2492=DIRECTION('center_axis',(0.,0.,1.));
#2493=DIRECTION('ref_axis',(1.,0.,0.));
#2494=DIRECTION('center_axis',(0.,1.,0.));
#2495=DIRECTION('ref_axis',(1.,0.,0.));
#2496=DIRECTION('',(0.,0.,1.));
#2497=DIRECTION('',(1.,0.,0.));
#2498=DIRECTION('',(1.,0.,0.));
#2499=DIRECTION('center_axis',(-1.,0.,0.));
#2500=DIRECTION('ref_axis',(0.,1.,0.));
#2501=DIRECTION('',(0.,1.,0.));
#2502=DIRECTION('',(0.,1.,0.));
#2503=DIRECTION('center_axis',(0.,0.,-1.));
#2504=DIRECTION('ref_axis',(-1.,0.,0.));
#2505=DIRECTION('center_axis',(0.,0.,-1.));
#2506=DIRECTION('ref_axis',(-1.,0.,0.));
#2507=DIRECTION('center_axis',(0.,-1.,0.));
#2508=DIRECTION('ref_axis',(-1.,0.,0.));
#2509=DIRECTION('',(0.,0.,1.));
#2510=DIRECTION('',(-1.,0.,0.));
#2511=DIRECTION('',(0.,0.,1.));
#2512=DIRECTION('',(-1.,0.,0.));
#2513=DIRECTION('center_axis',(0.,0.,-1.));
#2514=DIRECTION('ref_axis',(-1.,1.22464679914735E-16,0.));
#2515=DIRECTION('',(0.,0.,1.));
#2516=DIRECTION('center_axis',(0.,0.,1.));
#2517=DIRECTION('ref_axis',(1.,0.,0.));
#2518=DIRECTION('center_axis',(0.,0.,1.));
#2519=DIRECTION('ref_axis',(1.,0.,0.));
#2520=DIRECTION('center_axis',(0.,-1.,0.));
#2521=DIRECTION('ref_axis',(-1.,0.,0.));
#2522=DIRECTION('',(0.,0.,1.));
#2523=DIRECTION('',(-1.,0.,0.));
#2524=DIRECTION('',(-1.,0.,0.));
#2525=DIRECTION('center_axis',(-1.,0.,0.));
#2526=DIRECTION('ref_axis',(0.,1.,0.));
#2527=DIRECTION('',(0.,1.,0.));
#2528=DIRECTION('',(0.,1.,0.));
#2529=DIRECTION('center_axis',(0.,0.,1.));
#2530=DIRECTION('ref_axis',(1.,0.,0.));
#2531=DIRECTION('center_axis',(0.,0.,1.));
#2532=DIRECTION('ref_axis',(1.,0.,0.));
#2533=DIRECTION('center_axis',(0.,1.,0.));
#2534=DIRECTION('ref_axis',(1.,0.,0.));
#2535=DIRECTION('',(0.,0.,1.));
#2536=DIRECTION('',(1.,0.,0.));
#2537=DIRECTION('',(0.,0.,1.));
#2538=DIRECTION('',(1.,0.,0.));
#2539=DIRECTION('center_axis',(0.,0.,-1.));
#2540=DIRECTION('ref_axis',(1.,0.,0.));
#2541=DIRECTION('center_axis',(0.,0.,1.));
#2542=DIRECTION('ref_axis',(1.,0.,0.));
#2543=DIRECTION('',(0.,0.,1.));
#2544=DIRECTION('center_axis',(0.,0.,1.));
#2545=DIRECTION('ref_axis',(1.,0.,0.));
#2546=DIRECTION('center_axis',(0.,1.,0.));
#2547=DIRECTION('ref_axis',(1.,0.,0.));
#2548=DIRECTION('',(0.,0.,1.));
#2549=DIRECTION('',(1.,0.,0.));
#2550=DIRECTION('',(1.,0.,0.));
#2551=DIRECTION('center_axis',(-1.,0.,0.));
#2552=DIRECTION('ref_axis',(0.,1.,0.));
#2553=DIRECTION('',(0.,1.,0.));
#2554=DIRECTION('',(0.,1.,0.));
#2555=DIRECTION('center_axis',(0.,0.,-1.));
#2556=DIRECTION('ref_axis',(-1.,0.,0.));
#2557=DIRECTION('center_axis',(0.,0.,-1.));
#2558=DIRECTION('ref_axis',(-1.,0.,0.));
#2559=DIRECTION('center_axis',(0.,-1.,0.));
#2560=DIRECTION('ref_axis',(-1.,0.,0.));
#2561=DIRECTION('',(0.,0.,1.));
#2562=DIRECTION('',(-1.,0.,0.));
#2563=DIRECTION('',(0.,0.,1.));
#2564=DIRECTION('',(-1.,0.,0.));
#2565=DIRECTION('center_axis',(0.,0.,-1.));
#2566=DIRECTION('ref_axis',(-1.,1.22464679914735E-16,0.));
#2567=DIRECTION('',(0.,0.,1.));
#2568=DIRECTION('center_axis',(0.,0.,1.));
#2569=DIRECTION('ref_axis',(1.,0.,0.));
#2570=DIRECTION('center_axis',(0.,0.,1.));
#2571=DIRECTION('ref_axis',(1.,0.,0.));
#2572=DIRECTION('center_axis',(0.,-1.,0.));
#2573=DIRECTION('ref_axis',(-1.,0.,0.));
#2574=DIRECTION('',(0.,0.,1.));
#2575=DIRECTION('',(-1.,0.,0.));
#2576=DIRECTION('',(-1.,0.,0.));
#2577=DIRECTION('center_axis',(-1.,0.,0.));
#2578=DIRECTION('ref_axis',(0.,1.,0.));
#2579=DIRECTION('',(0.,1.,0.));
#2580=DIRECTION('',(0.,1.,0.));
#2581=DIRECTION('center_axis',(0.,0.,1.));
#2582=DIRECTION('ref_axis',(1.,0.,0.));
#2583=DIRECTION('center_axis',(0.,0.,1.));
#2584=DIRECTION('ref_axis',(1.,0.,0.));
#2585=DIRECTION('center_axis',(0.,1.,0.));
#2586=DIRECTION('ref_axis',(1.,0.,0.));
#2587=DIRECTION('',(0.,0.,1.));
#2588=DIRECTION('',(1.,0.,0.));
#2589=DIRECTION('',(0.,0.,1.));
#2590=DIRECTION('',(1.,0.,0.));
#2591=DIRECTION('center_axis',(0.,0.,-1.));
#2592=DIRECTION('ref_axis',(1.,0.,0.));
#2593=DIRECTION('center_axis',(0.,0.,1.));
#2594=DIRECTION('ref_axis',(1.,0.,0.));
#2595=DIRECTION('',(0.,0.,1.));
#2596=DIRECTION('center_axis',(0.,0.,1.));
#2597=DIRECTION('ref_axis',(1.,0.,0.));
#2598=DIRECTION('center_axis',(0.,1.,0.));
#2599=DIRECTION('ref_axis',(1.,0.,0.));
#2600=DIRECTION('',(0.,0.,1.));
#2601=DIRECTION('',(1.,0.,0.));
#2602=DIRECTION('',(1.,0.,0.));
#2603=DIRECTION('center_axis',(-1.,0.,0.));
#2604=DIRECTION('ref_axis',(0.,1.,0.));
#2605=DIRECTION('',(0.,1.,0.));
#2606=DIRECTION('',(0.,1.,0.));
#2607=DIRECTION('center_axis',(0.,0.,-1.));
#2608=DIRECTION('ref_axis',(-1.,0.,0.));
#2609=DIRECTION('center_axis',(0.,0.,-1.));
#2610=DIRECTION('ref_axis',(-1.,0.,0.));
#2611=DIRECTION('center_axis',(0.,-1.,0.));
#2612=DIRECTION('ref_axis',(-1.,0.,0.));
#2613=DIRECTION('',(0.,0.,1.));
#2614=DIRECTION('',(-1.,0.,0.));
#2615=DIRECTION('',(0.,0.,1.));
#2616=DIRECTION('',(-1.,0.,0.));
#2617=DIRECTION('center_axis',(0.,0.,-1.));
#2618=DIRECTION('ref_axis',(-1.,1.22464679914735E-16,0.));
#2619=DIRECTION('',(0.,0.,1.));
#2620=DIRECTION('center_axis',(0.,0.,1.));
#2621=DIRECTION('ref_axis',(1.,0.,0.));
#2622=DIRECTION('center_axis',(0.,0.,1.));
#2623=DIRECTION('ref_axis',(1.,0.,0.));
#2624=DIRECTION('center_axis',(0.,-1.,0.));
#2625=DIRECTION('ref_axis',(-1.,0.,0.));
#2626=DIRECTION('',(0.,0.,1.));
#2627=DIRECTION('',(-1.,0.,0.));
#2628=DIRECTION('',(-1.,0.,0.));
#2629=DIRECTION('center_axis',(-1.,0.,0.));
#2630=DIRECTION('ref_axis',(0.,1.,0.));
#2631=DIRECTION('',(0.,1.,0.));
#2632=DIRECTION('',(0.,1.,0.));
#2633=DIRECTION('center_axis',(0.,0.,1.));
#2634=DIRECTION('ref_axis',(1.,0.,0.));
#2635=DIRECTION('center_axis',(0.,0.,1.));
#2636=DIRECTION('ref_axis',(1.,0.,0.));
#2637=DIRECTION('center_axis',(1.,0.,0.));
#2638=DIRECTION('ref_axis',(0.,0.,1.));
#2639=DIRECTION('',(0.,0.,-1.));
#2640=DIRECTION('',(0.,1.,0.));
#2641=DIRECTION('',(0.,0.,-1.));
#2642=DIRECTION('',(0.,1.,0.));
#2643=DIRECTION('center_axis',(1.,0.,0.));
#2644=DIRECTION('ref_axis',(0.,0.,1.));
#2645=DIRECTION('',(0.,0.,-1.));
#2646=DIRECTION('',(0.,1.,0.));
#2647=DIRECTION('',(0.,0.,-1.));
#2648=DIRECTION('',(0.,1.,0.));
#2649=DIRECTION('center_axis',(0.,1.,0.));
#2650=DIRECTION('ref_axis',(0.,0.,1.));
#2651=DIRECTION('',(1.,0.,0.));
#2652=DIRECTION('',(1.,0.,0.));
#2653=DIRECTION('center_axis',(0.,1.,0.));
#2654=DIRECTION('ref_axis',(0.,0.,1.));
#2655=DIRECTION('',(1.,0.,0.));
#2656=DIRECTION('',(1.,0.,0.));
#2657=DIRECTION('center_axis',(0.,0.,1.));
#2658=DIRECTION('ref_axis',(1.,0.,0.));
#2659=DIRECTION('center_axis',(0.,0.,1.));
#2660=DIRECTION('ref_axis',(1.,0.,0.));
#2661=DIRECTION('center_axis',(1.,0.,0.));
#2662=DIRECTION('ref_axis',(0.,0.,1.));
#2663=DIRECTION('',(0.,0.,-1.));
#2664=DIRECTION('',(0.,1.,0.));
#2665=DIRECTION('',(0.,0.,-1.));
#2666=DIRECTION('',(0.,1.,0.));
#2667=DIRECTION('center_axis',(1.,0.,0.));
#2668=DIRECTION('ref_axis',(0.,0.,1.));
#2669=DIRECTION('',(0.,0.,-1.));
#2670=DIRECTION('',(0.,1.,0.));
#2671=DIRECTION('',(0.,0.,-1.));
#2672=DIRECTION('',(0.,1.,0.));
#2673=DIRECTION('center_axis',(0.,1.,0.));
#2674=DIRECTION('ref_axis',(0.,0.,1.));
#2675=DIRECTION('',(1.,0.,0.));
#2676=DIRECTION('',(1.,0.,0.));
#2677=DIRECTION('center_axis',(0.,1.,0.));
#2678=DIRECTION('ref_axis',(0.,0.,1.));
#2679=DIRECTION('',(1.,0.,0.));
#2680=DIRECTION('',(1.,0.,0.));
#2681=DIRECTION('center_axis',(0.,0.,1.));
#2682=DIRECTION('ref_axis',(1.,0.,0.));
#2683=DIRECTION('center_axis',(0.,0.,1.));
#2684=DIRECTION('ref_axis',(1.,0.,0.));
#2685=DIRECTION('',(0.,0.,1.));
#2686=DIRECTION('',(1.,0.,0.));
#2687=DIRECTION('',(0.,0.,1.));
#2688=DIRECTION('',(1.,0.,0.));
#2689=DIRECTION('',(0.,0.,1.));
#2690=DIRECTION('',(1.,0.,0.));
#2691=CARTESIAN_POINT('',(0.,0.,0.));
#2692=CARTESIAN_POINT('',(0.,0.,0.));
#2693=CARTESIAN_POINT('Origin',(-0.8,-1.325,0.05));
#2694=CARTESIAN_POINT('',(-0.8,-2.,0.05));
#2695=CARTESIAN_POINT('',(-0.8,-2.,0.6));
#2696=CARTESIAN_POINT('',(-0.8,-2.,0.05));
#2697=CARTESIAN_POINT('',(-0.8,2.,0.6));
#2698=CARTESIAN_POINT('',(-0.8,-0.525,0.6));
#2699=CARTESIAN_POINT('',(-0.8,2.,0.05));
#2700=CARTESIAN_POINT('',(-0.8,2.,0.05));
#2701=CARTESIAN_POINT('',(-0.8,-1.325,0.05));
#2702=CARTESIAN_POINT('Origin',(-0.675,-2.,0.05));
#2703=CARTESIAN_POINT('',(0.8,-2.,0.05));
#2704=CARTESIAN_POINT('',(-0.575,-2.,0.05));
#2705=CARTESIAN_POINT('',(0.8,-2.,0.6));
#2706=CARTESIAN_POINT('',(0.8,-2.,0.05));
#2707=CARTESIAN_POINT('',(-0.675,-2.,0.6));
#2708=CARTESIAN_POINT('Origin',(-0.675,0.275,0.6));
#2709=CARTESIAN_POINT('',(0.8,2.,0.6));
#2710=CARTESIAN_POINT('',(0.8,0.175,0.6));
#2711=CARTESIAN_POINT('',(-0.675,2.,0.6));
#2712=CARTESIAN_POINT('',(-0.590625,1.75625,0.6));
#2713=CARTESIAN_POINT('Origin',(-0.50625,1.75625,0.6));
#2714=CARTESIAN_POINT('Origin',(-0.675,2.,0.05));
#2715=CARTESIAN_POINT('',(0.8,2.,0.05));
#2716=CARTESIAN_POINT('',(-0.575,2.,0.05));
#2717=CARTESIAN_POINT('',(0.8,2.,0.05));
#2718=CARTESIAN_POINT('Origin',(-0.475,-1.325,0.05));
#2719=CARTESIAN_POINT('',(0.8,-0.625,0.05));
#2720=CARTESIAN_POINT('Origin',(0.8,0.0750000000000001,0.05));
#2721=CARTESIAN_POINT('Origin',(-0.50625,1.75625,0.54));
#2722=CARTESIAN_POINT('',(-0.421875,1.75625,0.54));
#2723=CARTESIAN_POINT('',(-0.590625,1.75625,0.54));
#2724=CARTESIAN_POINT('Origin',(-0.50625,1.75625,0.54));
#2725=CARTESIAN_POINT('Origin',(-0.50625,1.75625,0.54));
#2726=CARTESIAN_POINT('',(-0.590625,1.75625,0.54));
#2727=CARTESIAN_POINT('Origin',(-0.50625,1.75625,0.54));
#2728=CARTESIAN_POINT('',(0.,0.,0.));
#2729=CARTESIAN_POINT('Origin',(0.045,2.855,0.));
#2730=CARTESIAN_POINT('',(0.,2.81,0.075));
#2731=CARTESIAN_POINT('',(0.0900000000000001,2.9,0.075));
#2732=CARTESIAN_POINT('',(-0.68,2.13,0.075));
#2733=CARTESIAN_POINT('',(0.0900000000000001,2.9,0.));
#2734=CARTESIAN_POINT('',(0.0900000000000001,2.9,0.));
#2735=CARTESIAN_POINT('',(0.,2.81,0.));
#2736=CARTESIAN_POINT('',(-0.68,2.13,0.));
#2737=CARTESIAN_POINT('',(0.,2.81,0.));
#2738=CARTESIAN_POINT('Origin',(0.,0.,0.));
#2739=CARTESIAN_POINT('',(0.4,2.9,0.));
#2740=CARTESIAN_POINT('',(0.,2.9,0.));
#2741=CARTESIAN_POINT('',(0.4,-0.3,0.));
#2742=CARTESIAN_POINT('',(0.4,0.,0.));
#2743=CARTESIAN_POINT('',(0.,-0.3,0.));
#2744=CARTESIAN_POINT('',(0.,-0.3,0.));
#2745=CARTESIAN_POINT('',(0.,0.,0.));
#2746=CARTESIAN_POINT('Origin',(0.,2.9,0.));
#2747=CARTESIAN_POINT('',(0.4,2.9,0.075));
#2748=CARTESIAN_POINT('',(0.,2.9,0.075));
#2749=CARTESIAN_POINT('',(0.4,2.9,0.));
#2750=CARTESIAN_POINT('Origin',(0.,0.,0.));
#2751=CARTESIAN_POINT('',(0.,-0.3,0.075));
#2752=CARTESIAN_POINT('',(0.,-0.3,0.));
#2753=CARTESIAN_POINT('',(0.,0.,0.075));
#2754=CARTESIAN_POINT('Origin',(0.4,0.,0.));
#2755=CARTESIAN_POINT('',(0.4,-0.3,0.075));
#2756=CARTESIAN_POINT('',(0.4,-0.3,0.));
#2757=CARTESIAN_POINT('',(0.4,0.,0.075));
#2758=CARTESIAN_POINT('Origin',(0.,-0.3,0.));
#2759=CARTESIAN_POINT('',(0.,-0.3,0.075));
#2760=CARTESIAN_POINT('Origin',(0.,0.,0.075));
#2761=CARTESIAN_POINT('',(0.,0.,0.));
#2762=CARTESIAN_POINT('Origin',(-0.825,1.65,0.));
#2763=CARTESIAN_POINT('',(-0.825,1.65,0.));
#2764=CARTESIAN_POINT('',(-0.825,1.65,0.075));
#2765=CARTESIAN_POINT('',(-0.825,1.65,0.));
#2766=CARTESIAN_POINT('',(-0.605,1.65,0.));
#2767=CARTESIAN_POINT('',(-0.825,1.65,0.));
#2768=CARTESIAN_POINT('',(-0.605,1.65,0.075));
#2769=CARTESIAN_POINT('',(-0.605,1.65,0.));
#2770=CARTESIAN_POINT('',(-0.825,1.65,0.075));
#2771=CARTESIAN_POINT('Origin',(-0.605,1.75,0.));
#2772=CARTESIAN_POINT('',(-0.605,1.85,0.));
#2773=CARTESIAN_POINT('Origin',(-0.605,1.75,0.));
#2774=CARTESIAN_POINT('',(-0.605,1.85,0.075));
#2775=CARTESIAN_POINT('',(-0.605,1.85,0.));
#2776=CARTESIAN_POINT('Origin',(-0.605,1.75,0.075));
#2777=CARTESIAN_POINT('Origin',(-0.825,1.85,0.));
#2778=CARTESIAN_POINT('',(-0.825,1.85,0.));
#2779=CARTESIAN_POINT('',(-0.825,1.85,0.075));
#2780=CARTESIAN_POINT('',(-0.825,1.85,0.));
#2781=CARTESIAN_POINT('',(-0.825,1.85,0.075));
#2782=CARTESIAN_POINT('',(-0.825,1.85,0.));
#2783=CARTESIAN_POINT('Origin',(-0.825,1.65,0.));
#2784=CARTESIAN_POINT('',(-0.825,1.65,0.075));
#2785=CARTESIAN_POINT('',(-0.825,1.65,0.));
#2786=CARTESIAN_POINT('Origin',(-0.825,1.65,0.));
#2787=CARTESIAN_POINT('Origin',(-0.825,1.65,0.075));
#2788=CARTESIAN_POINT('Origin',(0.825,1.65,0.));
#2789=CARTESIAN_POINT('',(0.825,1.65,0.));
#2790=CARTESIAN_POINT('',(0.825,1.65,0.075));
#2791=CARTESIAN_POINT('',(0.825,1.65,0.));
#2792=CARTESIAN_POINT('',(0.605,1.65,0.075));
#2793=CARTESIAN_POINT('',(0.825,1.65,0.075));
#2794=CARTESIAN_POINT('',(0.605,1.65,0.));
#2795=CARTESIAN_POINT('',(0.605,1.65,0.));
#2796=CARTESIAN_POINT('',(0.825,1.65,0.));
#2797=CARTESIAN_POINT('Origin',(0.605,1.75,0.));
#2798=CARTESIAN_POINT('',(0.605,1.85,0.));
#2799=CARTESIAN_POINT('',(0.605,1.85,0.075));
#2800=CARTESIAN_POINT('',(0.605,1.85,0.));
#2801=CARTESIAN_POINT('Origin',(0.605,1.75,0.));
#2802=CARTESIAN_POINT('Origin',(0.605,1.75,0.075));
#2803=CARTESIAN_POINT('Origin',(0.825,1.85,0.));
#2804=CARTESIAN_POINT('',(0.825,1.85,0.));
#2805=CARTESIAN_POINT('',(0.825,1.85,0.075));
#2806=CARTESIAN_POINT('',(0.825,1.85,0.));
#2807=CARTESIAN_POINT('',(0.825,1.85,0.));
#2808=CARTESIAN_POINT('',(0.825,1.85,0.075));
#2809=CARTESIAN_POINT('Origin',(0.825,1.65,0.));
#2810=CARTESIAN_POINT('',(0.825,1.65,0.));
#2811=CARTESIAN_POINT('',(0.825,1.65,0.075));
#2812=CARTESIAN_POINT('Origin',(0.825,1.65,0.));
#2813=CARTESIAN_POINT('Origin',(0.825,1.65,0.075));
#2814=CARTESIAN_POINT('Origin',(-0.825,1.15,0.));
#2815=CARTESIAN_POINT('',(-0.825,1.15,0.));
#2816=CARTESIAN_POINT('',(-0.825,1.15,0.075));
#2817=CARTESIAN_POINT('',(-0.825,1.15,0.));
#2818=CARTESIAN_POINT('',(-0.605,1.15,0.));
#2819=CARTESIAN_POINT('',(-0.825,1.15,0.));
#2820=CARTESIAN_POINT('',(-0.605,1.15,0.075));
#2821=CARTESIAN_POINT('',(-0.605,1.15,0.));
#2822=CARTESIAN_POINT('',(-0.825,1.15,0.075));
#2823=CARTESIAN_POINT('Origin',(-0.605,1.25,0.));
#2824=CARTESIAN_POINT('',(-0.605,1.35,0.));
#2825=CARTESIAN_POINT('Origin',(-0.605,1.25,0.));
#2826=CARTESIAN_POINT('',(-0.605,1.35,0.075));
#2827=CARTESIAN_POINT('',(-0.605,1.35,0.));
#2828=CARTESIAN_POINT('Origin',(-0.605,1.25,0.075));
#2829=CARTESIAN_POINT('Origin',(-0.825,1.35,0.));
#2830=CARTESIAN_POINT('',(-0.825,1.35,0.));
#2831=CARTESIAN_POINT('',(-0.825,1.35,0.075));
#2832=CARTESIAN_POINT('',(-0.825,1.35,0.));
#2833=CARTESIAN_POINT('',(-0.825,1.35,0.075));
#2834=CARTESIAN_POINT('',(-0.825,1.35,0.));
#2835=CARTESIAN_POINT('Origin',(-0.825,1.15,0.));
#2836=CARTESIAN_POINT('',(-0.825,1.15,0.075));
#2837=CARTESIAN_POINT('',(-0.825,1.15,0.));
#2838=CARTESIAN_POINT('Origin',(-0.825,1.15,0.));
#2839=CARTESIAN_POINT('Origin',(-0.825,1.15,0.075));
#2840=CARTESIAN_POINT('Origin',(0.825,1.15,0.));
#2841=CARTESIAN_POINT('',(0.825,1.15,0.));
#2842=CARTESIAN_POINT('',(0.825,1.15,0.075));
#2843=CARTESIAN_POINT('',(0.825,1.15,0.));
#2844=CARTESIAN_POINT('',(0.605,1.15,0.075));
#2845=CARTESIAN_POINT('',(0.825,1.15,0.075));
#2846=CARTESIAN_POINT('',(0.605,1.15,0.));
#2847=CARTESIAN_POINT('',(0.605,1.15,0.));
#2848=CARTESIAN_POINT('',(0.825,1.15,0.));
#2849=CARTESIAN_POINT('Origin',(0.605,1.25,0.));
#2850=CARTESIAN_POINT('',(0.605,1.35,0.));
#2851=CARTESIAN_POINT('',(0.605,1.35,0.075));
#2852=CARTESIAN_POINT('',(0.605,1.35,0.));
#2853=CARTESIAN_POINT('Origin',(0.605,1.25,0.));
#2854=CARTESIAN_POINT('Origin',(0.605,1.25,0.075));
#2855=CARTESIAN_POINT('Origin',(0.825,1.35,0.));
#2856=CARTESIAN_POINT('',(0.825,1.35,0.));
#2857=CARTESIAN_POINT('',(0.825,1.35,0.075));
#2858=CARTESIAN_POINT('',(0.825,1.35,0.));
#2859=CARTESIAN_POINT('',(0.825,1.35,0.));
#2860=CARTESIAN_POINT('',(0.825,1.35,0.075));
#2861=CARTESIAN_POINT('Origin',(0.825,1.15,0.));
#2862=CARTESIAN_POINT('',(0.825,1.15,0.));
#2863=CARTESIAN_POINT('',(0.825,1.15,0.075));
#2864=CARTESIAN_POINT('Origin',(0.825,1.15,0.));
#2865=CARTESIAN_POINT('Origin',(0.825,1.15,0.075));
#2866=CARTESIAN_POINT('Origin',(-0.825,0.65,0.));
#2867=CARTESIAN_POINT('',(-0.825,0.65,0.));
#2868=CARTESIAN_POINT('',(-0.825,0.65,0.075));
#2869=CARTESIAN_POINT('',(-0.825,0.65,0.));
#2870=CARTESIAN_POINT('',(-0.605,0.65,0.));
#2871=CARTESIAN_POINT('',(-0.825,0.65,0.));
#2872=CARTESIAN_POINT('',(-0.605,0.65,0.075));
#2873=CARTESIAN_POINT('',(-0.605,0.65,0.));
#2874=CARTESIAN_POINT('',(-0.825,0.65,0.075));
#2875=CARTESIAN_POINT('Origin',(-0.605,0.75,0.));
#2876=CARTESIAN_POINT('',(-0.605,0.85,0.));
#2877=CARTESIAN_POINT('Origin',(-0.605,0.75,0.));
#2878=CARTESIAN_POINT('',(-0.605,0.85,0.075));
#2879=CARTESIAN_POINT('',(-0.605,0.85,0.));
#2880=CARTESIAN_POINT('Origin',(-0.605,0.75,0.075));
#2881=CARTESIAN_POINT('Origin',(-0.825,0.85,0.));
#2882=CARTESIAN_POINT('',(-0.825,0.85,0.));
#2883=CARTESIAN_POINT('',(-0.825,0.85,0.075));
#2884=CARTESIAN_POINT('',(-0.825,0.85,0.));
#2885=CARTESIAN_POINT('',(-0.825,0.85,0.075));
#2886=CARTESIAN_POINT('',(-0.825,0.85,0.));
#2887=CARTESIAN_POINT('Origin',(-0.825,0.65,0.));
#2888=CARTESIAN_POINT('',(-0.825,0.65,0.075));
#2889=CARTESIAN_POINT('',(-0.825,0.65,0.));
#2890=CARTESIAN_POINT('Origin',(-0.825,0.65,0.));
#2891=CARTESIAN_POINT('Origin',(-0.825,0.65,0.075));
#2892=CARTESIAN_POINT('Origin',(0.825,0.65,0.));
#2893=CARTESIAN_POINT('',(0.825,0.65,0.));
#2894=CARTESIAN_POINT('',(0.825,0.65,0.075));
#2895=CARTESIAN_POINT('',(0.825,0.65,0.));
#2896=CARTESIAN_POINT('',(0.605,0.65,0.075));
#2897=CARTESIAN_POINT('',(0.825,0.65,0.075));
#2898=CARTESIAN_POINT('',(0.605,0.65,0.));
#2899=CARTESIAN_POINT('',(0.605,0.65,0.));
#2900=CARTESIAN_POINT('',(0.825,0.65,0.));
#2901=CARTESIAN_POINT('Origin',(0.605,0.75,0.));
#2902=CARTESIAN_POINT('',(0.605,0.85,0.));
#2903=CARTESIAN_POINT('',(0.605,0.85,0.075));
#2904=CARTESIAN_POINT('',(0.605,0.85,0.));
#2905=CARTESIAN_POINT('Origin',(0.605,0.75,0.));
#2906=CARTESIAN_POINT('Origin',(0.605,0.75,0.075));
#2907=CARTESIAN_POINT('Origin',(0.825,0.85,0.));
#2908=CARTESIAN_POINT('',(0.825,0.85,0.));
#2909=CARTESIAN_POINT('',(0.825,0.85,0.075));
#2910=CARTESIAN_POINT('',(0.825,0.85,0.));
#2911=CARTESIAN_POINT('',(0.825,0.85,0.));
#2912=CARTESIAN_POINT('',(0.825,0.85,0.075));
#2913=CARTESIAN_POINT('Origin',(0.825,0.65,0.));
#2914=CARTESIAN_POINT('',(0.825,0.65,0.));
#2915=CARTESIAN_POINT('',(0.825,0.65,0.075));
#2916=CARTESIAN_POINT('Origin',(0.825,0.65,0.));
#2917=CARTESIAN_POINT('Origin',(0.825,0.65,0.075));
#2918=CARTESIAN_POINT('Origin',(-0.825,0.15,0.));
#2919=CARTESIAN_POINT('',(-0.825,0.15,0.));
#2920=CARTESIAN_POINT('',(-0.825,0.15,0.075));
#2921=CARTESIAN_POINT('',(-0.825,0.15,0.));
#2922=CARTESIAN_POINT('',(-0.605,0.15,0.));
#2923=CARTESIAN_POINT('',(-0.825,0.15,0.));
#2924=CARTESIAN_POINT('',(-0.605,0.15,0.075));
#2925=CARTESIAN_POINT('',(-0.605,0.15,0.));
#2926=CARTESIAN_POINT('',(-0.825,0.15,0.075));
#2927=CARTESIAN_POINT('Origin',(-0.605,0.25,0.));
#2928=CARTESIAN_POINT('',(-0.605,0.35,0.));
#2929=CARTESIAN_POINT('Origin',(-0.605,0.25,0.));
#2930=CARTESIAN_POINT('',(-0.605,0.35,0.075));
#2931=CARTESIAN_POINT('',(-0.605,0.35,0.));
#2932=CARTESIAN_POINT('Origin',(-0.605,0.25,0.075));
#2933=CARTESIAN_POINT('Origin',(-0.825,0.35,0.));
#2934=CARTESIAN_POINT('',(-0.825,0.35,0.));
#2935=CARTESIAN_POINT('',(-0.825,0.35,0.075));
#2936=CARTESIAN_POINT('',(-0.825,0.35,0.));
#2937=CARTESIAN_POINT('',(-0.825,0.35,0.075));
#2938=CARTESIAN_POINT('',(-0.825,0.35,0.));
#2939=CARTESIAN_POINT('Origin',(-0.825,0.15,0.));
#2940=CARTESIAN_POINT('',(-0.825,0.15,0.075));
#2941=CARTESIAN_POINT('',(-0.825,0.15,0.));
#2942=CARTESIAN_POINT('Origin',(-0.825,0.15,0.));
#2943=CARTESIAN_POINT('Origin',(-0.825,0.15,0.075));
#2944=CARTESIAN_POINT('Origin',(0.825,0.15,0.));
#2945=CARTESIAN_POINT('',(0.825,0.15,0.));
#2946=CARTESIAN_POINT('',(0.825,0.15,0.075));
#2947=CARTESIAN_POINT('',(0.825,0.15,0.));
#2948=CARTESIAN_POINT('',(0.605,0.15,0.075));
#2949=CARTESIAN_POINT('',(0.825,0.15,0.075));
#2950=CARTESIAN_POINT('',(0.605,0.15,0.));
#2951=CARTESIAN_POINT('',(0.605,0.15,0.));
#2952=CARTESIAN_POINT('',(0.825,0.15,0.));
#2953=CARTESIAN_POINT('Origin',(0.605,0.25,0.));
#2954=CARTESIAN_POINT('',(0.605,0.35,0.));
#2955=CARTESIAN_POINT('',(0.605,0.35,0.075));
#2956=CARTESIAN_POINT('',(0.605,0.35,0.));
#2957=CARTESIAN_POINT('Origin',(0.605,0.25,0.));
#2958=CARTESIAN_POINT('Origin',(0.605,0.25,0.075));
#2959=CARTESIAN_POINT('Origin',(0.825,0.35,0.));
#2960=CARTESIAN_POINT('',(0.825,0.35,0.));
#2961=CARTESIAN_POINT('',(0.825,0.35,0.075));
#2962=CARTESIAN_POINT('',(0.825,0.35,0.));
#2963=CARTESIAN_POINT('',(0.825,0.35,0.));
#2964=CARTESIAN_POINT('',(0.825,0.35,0.075));
#2965=CARTESIAN_POINT('Origin',(0.825,0.15,0.));
#2966=CARTESIAN_POINT('',(0.825,0.15,0.));
#2967=CARTESIAN_POINT('',(0.825,0.15,0.075));
#2968=CARTESIAN_POINT('Origin',(0.825,0.15,0.));
#2969=CARTESIAN_POINT('Origin',(0.825,0.15,0.075));
#2970=CARTESIAN_POINT('Origin',(-0.825,-0.35,0.));
#2971=CARTESIAN_POINT('',(-0.825,-0.35,0.));
#2972=CARTESIAN_POINT('',(-0.825,-0.35,0.075));
#2973=CARTESIAN_POINT('',(-0.825,-0.35,0.));
#2974=CARTESIAN_POINT('',(-0.605,-0.35,0.));
#2975=CARTESIAN_POINT('',(-0.825,-0.35,0.));
#2976=CARTESIAN_POINT('',(-0.605,-0.35,0.075));
#2977=CARTESIAN_POINT('',(-0.605,-0.35,0.));
#2978=CARTESIAN_POINT('',(-0.825,-0.35,0.075));
#2979=CARTESIAN_POINT('Origin',(-0.605,-0.25,0.));
#2980=CARTESIAN_POINT('',(-0.605,-0.15,0.));
#2981=CARTESIAN_POINT('Origin',(-0.605,-0.25,0.));
#2982=CARTESIAN_POINT('',(-0.605,-0.15,0.075));
#2983=CARTESIAN_POINT('',(-0.605,-0.15,0.));
#2984=CARTESIAN_POINT('Origin',(-0.605,-0.25,0.075));
#2985=CARTESIAN_POINT('Origin',(-0.825,-0.15,0.));
#2986=CARTESIAN_POINT('',(-0.825,-0.15,0.));
#2987=CARTESIAN_POINT('',(-0.825,-0.15,0.075));
#2988=CARTESIAN_POINT('',(-0.825,-0.15,0.));
#2989=CARTESIAN_POINT('',(-0.825,-0.15,0.075));
#2990=CARTESIAN_POINT('',(-0.825,-0.15,0.));
#2991=CARTESIAN_POINT('Origin',(-0.825,-0.35,0.));
#2992=CARTESIAN_POINT('',(-0.825,-0.35,0.075));
#2993=CARTESIAN_POINT('',(-0.825,-0.35,0.));
#2994=CARTESIAN_POINT('Origin',(-0.825,-0.35,0.));
#2995=CARTESIAN_POINT('Origin',(-0.825,-0.35,0.075));
#2996=CARTESIAN_POINT('Origin',(0.825,-0.35,0.));
#2997=CARTESIAN_POINT('',(0.825,-0.35,0.));
#2998=CARTESIAN_POINT('',(0.825,-0.35,0.075));
#2999=CARTESIAN_POINT('',(0.825,-0.35,0.));
#3000=CARTESIAN_POINT('',(0.605,-0.35,0.075));
#3001=CARTESIAN_POINT('',(0.825,-0.35,0.075));
#3002=CARTESIAN_POINT('',(0.605,-0.35,0.));
#3003=CARTESIAN_POINT('',(0.605,-0.35,0.));
#3004=CARTESIAN_POINT('',(0.825,-0.35,0.));
#3005=CARTESIAN_POINT('Origin',(0.605,-0.25,0.));
#3006=CARTESIAN_POINT('',(0.605,-0.15,0.));
#3007=CARTESIAN_POINT('',(0.605,-0.15,0.075));
#3008=CARTESIAN_POINT('',(0.605,-0.15,0.));
#3009=CARTESIAN_POINT('Origin',(0.605,-0.25,0.));
#3010=CARTESIAN_POINT('Origin',(0.605,-0.25,0.075));
#3011=CARTESIAN_POINT('Origin',(0.825,-0.15,0.));
#3012=CARTESIAN_POINT('',(0.825,-0.15,0.));
#3013=CARTESIAN_POINT('',(0.825,-0.15,0.075));
#3014=CARTESIAN_POINT('',(0.825,-0.15,0.));
#3015=CARTESIAN_POINT('',(0.825,-0.15,0.));
#3016=CARTESIAN_POINT('',(0.825,-0.15,0.075));
#3017=CARTESIAN_POINT('Origin',(0.825,-0.35,0.));
#3018=CARTESIAN_POINT('',(0.825,-0.35,0.));
#3019=CARTESIAN_POINT('',(0.825,-0.35,0.075));
#3020=CARTESIAN_POINT('Origin',(0.825,-0.35,0.));
#3021=CARTESIAN_POINT('Origin',(0.825,-0.35,0.075));
#3022=CARTESIAN_POINT('Origin',(-0.825,-0.85,0.));
#3023=CARTESIAN_POINT('',(-0.825,-0.85,0.));
#3024=CARTESIAN_POINT('',(-0.825,-0.85,0.075));
#3025=CARTESIAN_POINT('',(-0.825,-0.85,0.));
#3026=CARTESIAN_POINT('',(-0.605,-0.85,0.));
#3027=CARTESIAN_POINT('',(-0.825,-0.85,0.));
#3028=CARTESIAN_POINT('',(-0.605,-0.85,0.075));
#3029=CARTESIAN_POINT('',(-0.605,-0.85,0.));
#3030=CARTESIAN_POINT('',(-0.825,-0.85,0.075));
#3031=CARTESIAN_POINT('Origin',(-0.605,-0.75,0.));
#3032=CARTESIAN_POINT('',(-0.605,-0.65,0.));
#3033=CARTESIAN_POINT('Origin',(-0.605,-0.75,0.));
#3034=CARTESIAN_POINT('',(-0.605,-0.65,0.075));
#3035=CARTESIAN_POINT('',(-0.605,-0.65,0.));
#3036=CARTESIAN_POINT('Origin',(-0.605,-0.75,0.075));
#3037=CARTESIAN_POINT('Origin',(-0.825,-0.65,0.));
#3038=CARTESIAN_POINT('',(-0.825,-0.65,0.));
#3039=CARTESIAN_POINT('',(-0.825,-0.65,0.075));
#3040=CARTESIAN_POINT('',(-0.825,-0.65,0.));
#3041=CARTESIAN_POINT('',(-0.825,-0.65,0.075));
#3042=CARTESIAN_POINT('',(-0.825,-0.65,0.));
#3043=CARTESIAN_POINT('Origin',(-0.825,-0.85,0.));
#3044=CARTESIAN_POINT('',(-0.825,-0.85,0.075));
#3045=CARTESIAN_POINT('',(-0.825,-0.85,0.));
#3046=CARTESIAN_POINT('Origin',(-0.825,-0.85,0.));
#3047=CARTESIAN_POINT('Origin',(-0.825,-0.85,0.075));
#3048=CARTESIAN_POINT('Origin',(0.825,-0.85,0.));
#3049=CARTESIAN_POINT('',(0.825,-0.85,0.));
#3050=CARTESIAN_POINT('',(0.825,-0.85,0.075));
#3051=CARTESIAN_POINT('',(0.825,-0.85,0.));
#3052=CARTESIAN_POINT('',(0.605,-0.85,0.075));
#3053=CARTESIAN_POINT('',(0.825,-0.85,0.075));
#3054=CARTESIAN_POINT('',(0.605,-0.85,0.));
#3055=CARTESIAN_POINT('',(0.605,-0.85,0.));
#3056=CARTESIAN_POINT('',(0.825,-0.85,0.));
#3057=CARTESIAN_POINT('Origin',(0.605,-0.75,0.));
#3058=CARTESIAN_POINT('',(0.605,-0.65,0.));
#3059=CARTESIAN_POINT('',(0.605,-0.65,0.075));
#3060=CARTESIAN_POINT('',(0.605,-0.65,0.));
#3061=CARTESIAN_POINT('Origin',(0.605,-0.75,0.));
#3062=CARTESIAN_POINT('Origin',(0.605,-0.75,0.075));
#3063=CARTESIAN_POINT('Origin',(0.825,-0.65,0.));
#3064=CARTESIAN_POINT('',(0.825,-0.65,0.));
#3065=CARTESIAN_POINT('',(0.825,-0.65,0.075));
#3066=CARTESIAN_POINT('',(0.825,-0.65,0.));
#3067=CARTESIAN_POINT('',(0.825,-0.65,0.));
#3068=CARTESIAN_POINT('',(0.825,-0.65,0.075));
#3069=CARTESIAN_POINT('Origin',(0.825,-0.85,0.));
#3070=CARTESIAN_POINT('',(0.825,-0.85,0.));
#3071=CARTESIAN_POINT('',(0.825,-0.85,0.075));
#3072=CARTESIAN_POINT('Origin',(0.825,-0.85,0.));
#3073=CARTESIAN_POINT('Origin',(0.825,-0.85,0.075));
#3074=CARTESIAN_POINT('Origin',(-0.825,-1.35,0.));
#3075=CARTESIAN_POINT('',(-0.825,-1.35,0.));
#3076=CARTESIAN_POINT('',(-0.825,-1.35,0.075));
#3077=CARTESIAN_POINT('',(-0.825,-1.35,0.));
#3078=CARTESIAN_POINT('',(-0.605,-1.35,0.));
#3079=CARTESIAN_POINT('',(-0.825,-1.35,0.));
#3080=CARTESIAN_POINT('',(-0.605,-1.35,0.075));
#3081=CARTESIAN_POINT('',(-0.605,-1.35,0.));
#3082=CARTESIAN_POINT('',(-0.825,-1.35,0.075));
#3083=CARTESIAN_POINT('Origin',(-0.605,-1.25,0.));
#3084=CARTESIAN_POINT('',(-0.605,-1.15,0.));
#3085=CARTESIAN_POINT('Origin',(-0.605,-1.25,0.));
#3086=CARTESIAN_POINT('',(-0.605,-1.15,0.075));
#3087=CARTESIAN_POINT('',(-0.605,-1.15,0.));
#3088=CARTESIAN_POINT('Origin',(-0.605,-1.25,0.075));
#3089=CARTESIAN_POINT('Origin',(-0.825,-1.15,0.));
#3090=CARTESIAN_POINT('',(-0.825,-1.15,0.));
#3091=CARTESIAN_POINT('',(-0.825,-1.15,0.075));
#3092=CARTESIAN_POINT('',(-0.825,-1.15,0.));
#3093=CARTESIAN_POINT('',(-0.825,-1.15,0.075));
#3094=CARTESIAN_POINT('',(-0.825,-1.15,0.));
#3095=CARTESIAN_POINT('Origin',(-0.825,-1.35,0.));
#3096=CARTESIAN_POINT('',(-0.825,-1.35,0.075));
#3097=CARTESIAN_POINT('',(-0.825,-1.35,0.));
#3098=CARTESIAN_POINT('Origin',(-0.825,-1.35,0.));
#3099=CARTESIAN_POINT('Origin',(-0.825,-1.35,0.075));
#3100=CARTESIAN_POINT('Origin',(0.825,-1.35,0.));
#3101=CARTESIAN_POINT('',(0.825,-1.35,0.));
#3102=CARTESIAN_POINT('',(0.825,-1.35,0.075));
#3103=CARTESIAN_POINT('',(0.825,-1.35,0.));
#3104=CARTESIAN_POINT('',(0.605,-1.35,0.075));
#3105=CARTESIAN_POINT('',(0.825,-1.35,0.075));
#3106=CARTESIAN_POINT('',(0.605,-1.35,0.));
#3107=CARTESIAN_POINT('',(0.605,-1.35,0.));
#3108=CARTESIAN_POINT('',(0.825,-1.35,0.));
#3109=CARTESIAN_POINT('Origin',(0.605,-1.25,0.));
#3110=CARTESIAN_POINT('',(0.605,-1.15,0.));
#3111=CARTESIAN_POINT('',(0.605,-1.15,0.075));
#3112=CARTESIAN_POINT('',(0.605,-1.15,0.));
#3113=CARTESIAN_POINT('Origin',(0.605,-1.25,0.));
#3114=CARTESIAN_POINT('Origin',(0.605,-1.25,0.075));
#3115=CARTESIAN_POINT('Origin',(0.825,-1.15,0.));
#3116=CARTESIAN_POINT('',(0.825,-1.15,0.));
#3117=CARTESIAN_POINT('',(0.825,-1.15,0.075));
#3118=CARTESIAN_POINT('',(0.825,-1.15,0.));
#3119=CARTESIAN_POINT('',(0.825,-1.15,0.));
#3120=CARTESIAN_POINT('',(0.825,-1.15,0.075));
#3121=CARTESIAN_POINT('Origin',(0.825,-1.35,0.));
#3122=CARTESIAN_POINT('',(0.825,-1.35,0.));
#3123=CARTESIAN_POINT('',(0.825,-1.35,0.075));
#3124=CARTESIAN_POINT('Origin',(0.825,-1.35,0.));
#3125=CARTESIAN_POINT('Origin',(0.825,-1.35,0.075));
#3126=CARTESIAN_POINT('Origin',(-0.825,-1.85,0.));
#3127=CARTESIAN_POINT('',(-0.825,-1.85,0.));
#3128=CARTESIAN_POINT('',(-0.825,-1.85,0.075));
#3129=CARTESIAN_POINT('',(-0.825,-1.85,0.));
#3130=CARTESIAN_POINT('',(-0.605,-1.85,0.));
#3131=CARTESIAN_POINT('',(-0.825,-1.85,0.));
#3132=CARTESIAN_POINT('',(-0.605,-1.85,0.075));
#3133=CARTESIAN_POINT('',(-0.605,-1.85,0.));
#3134=CARTESIAN_POINT('',(-0.825,-1.85,0.075));
#3135=CARTESIAN_POINT('Origin',(-0.605,-1.75,0.));
#3136=CARTESIAN_POINT('',(-0.605,-1.65,0.));
#3137=CARTESIAN_POINT('Origin',(-0.605,-1.75,0.));
#3138=CARTESIAN_POINT('',(-0.605,-1.65,0.075));
#3139=CARTESIAN_POINT('',(-0.605,-1.65,0.));
#3140=CARTESIAN_POINT('Origin',(-0.605,-1.75,0.075));
#3141=CARTESIAN_POINT('Origin',(-0.825,-1.65,0.));
#3142=CARTESIAN_POINT('',(-0.825,-1.65,0.));
#3143=CARTESIAN_POINT('',(-0.825,-1.65,0.075));
#3144=CARTESIAN_POINT('',(-0.825,-1.65,0.));
#3145=CARTESIAN_POINT('',(-0.825,-1.65,0.075));
#3146=CARTESIAN_POINT('',(-0.825,-1.65,0.));
#3147=CARTESIAN_POINT('Origin',(-0.825,-1.85,0.));
#3148=CARTESIAN_POINT('',(-0.825,-1.85,0.075));
#3149=CARTESIAN_POINT('',(-0.825,-1.85,0.));
#3150=CARTESIAN_POINT('Origin',(-0.825,-1.85,0.));
#3151=CARTESIAN_POINT('Origin',(-0.825,-1.85,0.075));
#3152=CARTESIAN_POINT('Origin',(0.825,-1.85,0.));
#3153=CARTESIAN_POINT('',(0.825,-1.85,0.));
#3154=CARTESIAN_POINT('',(0.825,-1.85,0.075));
#3155=CARTESIAN_POINT('',(0.825,-1.85,0.));
#3156=CARTESIAN_POINT('',(0.605,-1.85,0.075));
#3157=CARTESIAN_POINT('',(0.825,-1.85,0.075));
#3158=CARTESIAN_POINT('',(0.605,-1.85,0.));
#3159=CARTESIAN_POINT('',(0.605,-1.85,0.));
#3160=CARTESIAN_POINT('',(0.825,-1.85,0.));
#3161=CARTESIAN_POINT('Origin',(0.605,-1.75,0.));
#3162=CARTESIAN_POINT('',(0.605,-1.65,0.));
#3163=CARTESIAN_POINT('',(0.605,-1.65,0.075));
#3164=CARTESIAN_POINT('',(0.605,-1.65,0.));
#3165=CARTESIAN_POINT('Origin',(0.605,-1.75,0.));
#3166=CARTESIAN_POINT('Origin',(0.605,-1.75,0.075));
#3167=CARTESIAN_POINT('Origin',(0.825,-1.65,0.));
#3168=CARTESIAN_POINT('',(0.825,-1.65,0.));
#3169=CARTESIAN_POINT('',(0.825,-1.65,0.075));
#3170=CARTESIAN_POINT('',(0.825,-1.65,0.));
#3171=CARTESIAN_POINT('',(0.825,-1.65,0.));
#3172=CARTESIAN_POINT('',(0.825,-1.65,0.075));
#3173=CARTESIAN_POINT('Origin',(0.825,-1.85,0.));
#3174=CARTESIAN_POINT('',(0.825,-1.85,0.));
#3175=CARTESIAN_POINT('',(0.825,-1.85,0.075));
#3176=CARTESIAN_POINT('Origin',(0.825,-1.85,0.));
#3177=CARTESIAN_POINT('Origin',(0.825,-1.85,0.075));
#3178=CARTESIAN_POINT('Origin',(-0.2,2.,0.));
#3179=CARTESIAN_POINT('',(-0.2,1.75,0.));
#3180=CARTESIAN_POINT('',(-0.2,1.75,0.075));
#3181=CARTESIAN_POINT('',(-0.2,1.75,0.));
#3182=CARTESIAN_POINT('',(-0.2,2.,0.075));
#3183=CARTESIAN_POINT('',(-0.2,2.,0.075));
#3184=CARTESIAN_POINT('',(-0.2,2.,0.));
#3185=CARTESIAN_POINT('',(-0.2,2.,0.));
#3186=CARTESIAN_POINT('',(-0.2,2.,0.));
#3187=CARTESIAN_POINT('Origin',(0.2,2.,0.));
#3188=CARTESIAN_POINT('',(0.2,1.75,0.));
#3189=CARTESIAN_POINT('',(0.2,1.75,0.075));
#3190=CARTESIAN_POINT('',(0.2,1.75,0.));
#3191=CARTESIAN_POINT('',(0.2,2.,0.));
#3192=CARTESIAN_POINT('',(0.2,2.,0.));
#3193=CARTESIAN_POINT('',(0.2,2.,0.075));
#3194=CARTESIAN_POINT('',(0.2,2.,0.));
#3195=CARTESIAN_POINT('',(0.2,2.,0.075));
#3196=CARTESIAN_POINT('Origin',(-0.2,1.75,0.));
#3197=CARTESIAN_POINT('',(-0.2,1.75,0.));
#3198=CARTESIAN_POINT('',(-0.2,1.75,0.075));
#3199=CARTESIAN_POINT('Origin',(-0.2,2.,0.));
#3200=CARTESIAN_POINT('',(-0.2,2.,0.));
#3201=CARTESIAN_POINT('',(-0.2,2.,0.075));
#3202=CARTESIAN_POINT('Origin',(-0.2,2.,0.));
#3203=CARTESIAN_POINT('Origin',(-0.2,2.,0.075));
#3204=CARTESIAN_POINT('Origin',(-0.2,-1.75,0.));
#3205=CARTESIAN_POINT('',(-0.2,-2.,0.));
#3206=CARTESIAN_POINT('',(-0.2,-2.,0.075));
#3207=CARTESIAN_POINT('',(-0.2,-2.,0.));
#3208=CARTESIAN_POINT('',(-0.2,-1.75,0.075));
#3209=CARTESIAN_POINT('',(-0.2,-1.75,0.075));
#3210=CARTESIAN_POINT('',(-0.2,-1.75,0.));
#3211=CARTESIAN_POINT('',(-0.2,-1.75,0.));
#3212=CARTESIAN_POINT('',(-0.2,-1.75,0.));
#3213=CARTESIAN_POINT('Origin',(0.2,-1.75,0.));
#3214=CARTESIAN_POINT('',(0.2,-2.,0.));
#3215=CARTESIAN_POINT('',(0.2,-2.,0.075));
#3216=CARTESIAN_POINT('',(0.2,-2.,0.));
#3217=CARTESIAN_POINT('',(0.2,-1.75,0.));
#3218=CARTESIAN_POINT('',(0.2,-1.75,0.));
#3219=CARTESIAN_POINT('',(0.2,-1.75,0.075));
#3220=CARTESIAN_POINT('',(0.2,-1.75,0.));
#3221=CARTESIAN_POINT('',(0.2,-1.75,0.075));
#3222=CARTESIAN_POINT('Origin',(-0.2,-2.,0.));
#3223=CARTESIAN_POINT('',(-0.2,-2.,0.));
#3224=CARTESIAN_POINT('',(-0.2,-2.,0.075));
#3225=CARTESIAN_POINT('Origin',(-0.2,-1.75,0.));
#3226=CARTESIAN_POINT('',(-0.2,-1.75,0.));
#3227=CARTESIAN_POINT('',(-0.2,-1.75,0.075));
#3228=CARTESIAN_POINT('Origin',(-0.2,-1.75,0.));
#3229=CARTESIAN_POINT('Origin',(-0.2,-1.75,0.075));
#3230=CARTESIAN_POINT('',(0.,0.,0.));
#3231=CARTESIAN_POINT('',(-0.2,-1.3,0.));
#3232=CARTESIAN_POINT('',(0.,0.,0.));
#3233=UNCERTAINTY_MEASURE_WITH_UNIT(LENGTH_MEASURE(0.01),#3243,
'DISTANCE_ACCURACY_VALUE',
'Maximum model space distance between geometric entities at asserted c
onnectivities');
#3234=UNCERTAINTY_MEASURE_WITH_UNIT(LENGTH_MEASURE(0.01),#3243,
'DISTANCE_ACCURACY_VALUE',
'Maximum model space distance between geometric entities at asserted c
onnectivities');
#3235=UNCERTAINTY_MEASURE_WITH_UNIT(LENGTH_MEASURE(0.01),#3243,
'DISTANCE_ACCURACY_VALUE',
'Maximum model space distance between geometric entities at asserted c
onnectivities');
#3236=UNCERTAINTY_MEASURE_WITH_UNIT(LENGTH_MEASURE(0.01),#3243,
'DISTANCE_ACCURACY_VALUE',
'Maximum model space distance between geometric entities at asserted c
onnectivities');
#3237=UNCERTAINTY_MEASURE_WITH_UNIT(LENGTH_MEASURE(0.01),#3243,
'DISTANCE_ACCURACY_VALUE',
'Maximum model space distance between geometric entities at asserted c
onnectivities');
#3238=(
GEOMETRIC_REPRESENTATION_CONTEXT(3)
GLOBAL_UNCERTAINTY_ASSIGNED_CONTEXT((#3233))
GLOBAL_UNIT_ASSIGNED_CONTEXT((#3243,#3245,#3246))
REPRESENTATION_CONTEXT('','3D')
);
#3239=(
GEOMETRIC_REPRESENTATION_CONTEXT(3)
GLOBAL_UNCERTAINTY_ASSIGNED_CONTEXT((#3234))
GLOBAL_UNIT_ASSIGNED_CONTEXT((#3243,#3245,#3246))
REPRESENTATION_CONTEXT('','3D')
);
#3240=(
GEOMETRIC_REPRESENTATION_CONTEXT(3)
GLOBAL_UNCERTAINTY_ASSIGNED_CONTEXT((#3235))
GLOBAL_UNIT_ASSIGNED_CONTEXT((#3243,#3245,#3246))
REPRESENTATION_CONTEXT('','3D')
);
#3241=(
GEOMETRIC_REPRESENTATION_CONTEXT(3)
GLOBAL_UNCERTAINTY_ASSIGNED_CONTEXT((#3236))
GLOBAL_UNIT_ASSIGNED_CONTEXT((#3243,#3245,#3246))
REPRESENTATION_CONTEXT('','3D')
);
#3242=(
GEOMETRIC_REPRESENTATION_CONTEXT(3)
GLOBAL_UNCERTAINTY_ASSIGNED_CONTEXT((#3237))
GLOBAL_UNIT_ASSIGNED_CONTEXT((#3243,#3245,#3246))
REPRESENTATION_CONTEXT('','3D')
);
#3243=(
LENGTH_UNIT()
NAMED_UNIT(*)
SI_UNIT(.MILLI.,.METRE.)
);
#3244=(
LENGTH_UNIT()
NAMED_UNIT(*)
SI_UNIT($,.METRE.)
);
#3245=(
NAMED_UNIT(*)
PLANE_ANGLE_UNIT()
SI_UNIT($,.RADIAN.)
);
#3246=(
NAMED_UNIT(*)
SI_UNIT($,.STERADIAN.)
SOLID_ANGLE_UNIT()
);
#3247=SHAPE_DEFINITION_REPRESENTATION(#3251,#3258);
#3248=SHAPE_DEFINITION_REPRESENTATION(#3252,#3259);
#3249=SHAPE_DEFINITION_REPRESENTATION(#3253,#3260);
#3250=SHAPE_DEFINITION_REPRESENTATION(#3254,#3261);
#3251=PRODUCT_DEFINITION_SHAPE('',$,#3263);
#3252=PRODUCT_DEFINITION_SHAPE('',$,#3264);
#3253=PRODUCT_DEFINITION_SHAPE('',$,#3265);
#3254=PRODUCT_DEFINITION_SHAPE('',$,#3266);
#3255=PRODUCT_DEFINITION_SHAPE($,$,#20);
#3256=PRODUCT_DEFINITION_SHAPE($,$,#21);
#3257=PRODUCT_DEFINITION_SHAPE($,$,#22);
#3258=SHAPE_REPRESENTATION('',(#1984,#2146,#2147,#2148),#3238);
#3259=SHAPE_REPRESENTATION('',(#1985),#3239);
#3260=SHAPE_REPRESENTATION('',(#1997),#3240);
#3261=SHAPE_REPRESENTATION('',(#2005),#3241);
#3262=PRODUCT_DEFINITION_CONTEXT('part definition',#3276,'design');
#3263=PRODUCT_DEFINITION('DFN16, 4x1.6, 0.5P','DFN16, 4x1.6, 0.5P v3',#3267,
#3262);
#3264=PRODUCT_DEFINITION('Body','Body',#3268,#3262);
#3265=PRODUCT_DEFINITION('ThermalPin','ThermalPin',#3269,#3262);
#3266=PRODUCT_DEFINITION('PinsArrayLR','PinsArrayLR',#3270,#3262);
#3267=PRODUCT_DEFINITION_FORMATION('',$,#3278);
#3268=PRODUCT_DEFINITION_FORMATION('',$,#3279);
#3269=PRODUCT_DEFINITION_FORMATION('',$,#3280);
#3270=PRODUCT_DEFINITION_FORMATION('',$,#3281);
#3271=PRODUCT_RELATED_PRODUCT_CATEGORY('DFN16, 4x1.6, 0.5P v3',
'DFN16, 4x1.6, 0.5P v3',(#3278));
#3272=PRODUCT_RELATED_PRODUCT_CATEGORY('Body','Body',(#3279));
#3273=PRODUCT_RELATED_PRODUCT_CATEGORY('ThermalPin','ThermalPin',(#3280));
#3274=PRODUCT_RELATED_PRODUCT_CATEGORY('PinsArrayLR','PinsArrayLR',(#3281));
#3275=APPLICATION_PROTOCOL_DEFINITION('international standard',
'automotive_design',2009,#3276);
#3276=APPLICATION_CONTEXT(
'Core Data for Automotive Mechanical Design Process');
#3277=PRODUCT_CONTEXT('part definition',#3276,'mechanical');
#3278=PRODUCT('DFN16, 4x1.6, 0.5P','DFN16, 4x1.6, 0.5P v3',$,(#3277));
#3279=PRODUCT('Body','Body',$,(#3277));
#3280=PRODUCT('ThermalPin','ThermalPin',$,(#3277));
#3281=PRODUCT('PinsArrayLR','PinsArrayLR',$,(#3277));
#3282=PRESENTATION_STYLE_ASSIGNMENT((#3285));
#3283=PRESENTATION_STYLE_ASSIGNMENT((#3286));
#3284=PRESENTATION_STYLE_ASSIGNMENT((#3287));
#3285=SURFACE_STYLE_USAGE(.BOTH.,#3288);
#3286=SURFACE_STYLE_USAGE(.BOTH.,#3289);
#3287=SURFACE_STYLE_USAGE(.BOTH.,#3290);
#3288=SURFACE_SIDE_STYLE('',(#3291));
#3289=SURFACE_SIDE_STYLE('',(#3292));
#3290=SURFACE_SIDE_STYLE('',(#3293));
#3291=SURFACE_STYLE_FILL_AREA(#3294);
#3292=SURFACE_STYLE_FILL_AREA(#3295);
#3293=SURFACE_STYLE_FILL_AREA(#3296);
#3294=FILL_AREA_STYLE('Steel - Satin',(#3297));
#3295=FILL_AREA_STYLE('Opaque(187,197,203)',(#3298));
#3296=FILL_AREA_STYLE('Opaque(77,77,77)',(#3299));
#3297=FILL_AREA_STYLE_COLOUR('Steel - Satin',#3300);
#3298=FILL_AREA_STYLE_COLOUR('Opaque(187,197,203)',#3301);
#3299=FILL_AREA_STYLE_COLOUR('Opaque(77,77,77)',#3302);
#3300=COLOUR_RGB('Steel - Satin',0.627450980392157,0.627450980392157,0.627450980392157);
#3301=COLOUR_RGB('Opaque(187,197,203)',0.733333333333333,0.772549019607843,
0.796078431372549);
#3302=COLOUR_RGB('Opaque(77,77,77)',0.301960784313725,0.301960784313725,
0.301960784313725);
ENDSEC;
END-ISO-10303-21;
